Timestamp,Module,Run Type,Equation,Operator,Initial Condition,Path,Metadata
2026-06-15 07:15:55,main,sweep,advection,upwind,advec_gauss,pipeline_results/sweeps/advection_rk4_upwind_advec_gauss_advec_peak_advec_square_sweep_20260615_124402/advection_rk4_upwind_advec_gauss_N5000_20260615_124402,"{'N': 5000, 'dt': 0.005, 'dx': 0.05}"
2026-06-15 07:17:44,main,sweep,advection,upwind,advec_square,pipeline_results/sweeps/advection_rk4_upwind_advec_gauss_advec_peak_advec_square_sweep_20260615_124402/advection_rk4_upwind_advec_square_N5000_20260615_124402,"{'N': 5000, 'dt': 0.005, 'dx': 0.05}"
2026-06-15 07:19:40,main,sweep,advection,upwind,advec_peak,pipeline_results/sweeps/advection_rk4_upwind_advec_gauss_advec_peak_advec_square_sweep_20260615_124402/advection_rk4_upwind_advec_peak_N5000_20260615_124402,"{'N': 5000, 'dt': 0.005, 'dx': 0.05}"
2026-06-15 07:20:21,ml,sweep,advection,cnn,mixed,ml/runs/sweeps/run_advection_rk4_upwind_advec_gauss_advec_peak_advec_square_20260615_125006_21a6,"{'epochs': 500, 'loaded_datasets': 3}"
2026-06-15 07:28:43,ml,sweep,advection,cnn,mixed,ml/runs/sweeps/run_advection_rk4_upwind_advec_gauss_advec_peak_advec_square_20260615_125820_7b33,"{'epochs': 500, 'loaded_datasets': 3}"
2026-06-15 07:46:20,ml,sweep,advection,cnn,mixed,ml/runs/sweeps/run_advection_rk4_upwind_advec_gauss_advec_peak_advec_square_20260615_131549_929a,"{'epochs': 500, 'loaded_datasets': 3}"
2026-06-15 07:55:16,ml,sweep,advection,cnn,mixed,ml/runs/sweeps/run_advection_rk4_upwind_advec_gauss_advec_peak_advec_square_20260615_132451_2a3c,"{'epochs': 500, 'loaded_datasets': 3}"
2026-06-15 08:02:05,ml,sweep,advection,cnn,mixed,ml/runs/sweeps/run_advection_rk4_upwind_advec_gauss_advec_peak_advec_square_20260615_133148_e5d3,"{'epochs': 500, 'loaded_datasets': 3}"
2026-06-15 08:18:34,ml,sweep,advection,cnn,mixed,ml/runs/sweeps/run_advection_rk4_upwind_advec_gauss_advec_peak_advec_square_20260615_134817_7c3b,"{'epochs': 500, 'loaded_datasets': 3}"
2026-06-15 08:20:46,ml,sweep,advection,cnn,mixed,ml/runs/sweeps/run_advection_rk4_upwind_advec_gauss_advec_peak_advec_square_20260615_135025_27e6,"{'epochs': 500, 'loaded_datasets': 3}"
2026-06-15 08:23:29,ml,sweep,advection,cnn,mixed,ml/runs/sweeps/run_advection_rk4_upwind_advec_gauss_advec_peak_advec_square_20260615_135308_bf7d,"{'epochs': 500, 'loaded_datasets': 3}"
2026-06-15 08:26:00,ml,sweep,advection,cnn,mixed,ml/runs/sweeps/run_advection_rk4_upwind_advec_gauss_advec_peak_advec_square_20260615_135535_d730,"{'epochs': 1000, 'loaded_datasets': 3}"
2026-06-15 08:27:21,ml,sweep,advection,cnn,mixed,ml/runs/sweeps/run_advection_rk4_upwind_advec_gauss_advec_peak_advec_square_20260615_135656_c1ab,"{'epochs': 1000, 'loaded_datasets': 3}"
2026-06-15 08:29:09,ml,sweep,advection,cnn,mixed,ml/runs/sweeps/run_advection_rk4_upwind_advec_gauss_advec_peak_advec_square_20260615_135842_6550,"{'epochs': 1000, 'loaded_datasets': 3}"
2026-06-15 08:30:39,ml,sweep,advection,cnn,mixed,ml/runs/sweeps/run_advection_rk4_upwind_advec_gauss_advec_peak_advec_square_20260615_140013_095a,"{'epochs': 1000, 'loaded_datasets': 3}"
2026-06-15 08:32:03,ml,sweep,advection,cnn,mixed,ml/runs/sweeps/run_advection_rk4_upwind_advec_gauss_advec_peak_advec_square_20260615_140143_5e3a,"{'epochs': 1000, 'loaded_datasets': 3}"
2026-06-15 08:33:43,ml,sweep,advection,cnn,mixed,ml/runs/sweeps/run_advection_rk4_upwind_advec_gauss_advec_peak_advec_square_20260615_140319_8ef9,"{'epochs': 1000, 'loaded_datasets': 3}"
2026-06-15 08:43:39,ml,sweep,advection,cnn,mixed,ml/runs/sweeps/run_advection_rk4_upwind_advec_gauss_advec_peak_advec_square_20260615_141314_d0f0,"{'epochs': 1000, 'loaded_datasets': 3}"
2026-06-15 09:03:40,main,sweep,advection,upwind,advec_gauss,pipeline_results/sweeps/advection_rk4_upwind_advec_gauss_advec_peak_advec_square_sweep_20260615_143106/advection_rk4_upwind_advec_gauss_N5000_20260615_143106,"{'N': 5000, 'dt': 0.005, 'dx': 0.05}"
2026-06-15 09:06:21,main,sweep,advection,upwind,advec_square,pipeline_results/sweeps/advection_rk4_upwind_advec_gauss_advec_peak_advec_square_sweep_20260615_143106/advection_rk4_upwind_advec_square_N5000_20260615_143106,"{'N': 5000, 'dt': 0.005, 'dx': 0.05}"
2026-06-15 09:09:09,main,sweep,advection,upwind,advec_peak,pipeline_results/sweeps/advection_rk4_upwind_advec_gauss_advec_peak_advec_square_sweep_20260615_143106/advection_rk4_upwind_advec_peak_N5000_20260615_143106,"{'N': 5000, 'dt': 0.005, 'dx': 0.05}"
2026-06-15 09:16:55,main,sweep,advection,upwind,advec_gauss,pipeline_results/sweeps/advection_rk4_upwind_advec_gauss_advec_peak_advec_square_sweep_20260615_144426/advection_rk4_upwind_advec_gauss_N5000_20260615_144426,"{'N': 5000, 'dt': 0.005, 'dx': 0.05}"
2026-06-15 09:19:22,main,sweep,advection,upwind,advec_square,pipeline_results/sweeps/advection_rk4_upwind_advec_gauss_advec_peak_advec_square_sweep_20260615_144426/advection_rk4_upwind_advec_square_N5000_20260615_144426,"{'N': 5000, 'dt': 0.005, 'dx': 0.05}"
2026-06-15 09:22:02,main,sweep,advection,upwind,advec_peak,pipeline_results/sweeps/advection_rk4_upwind_advec_gauss_advec_peak_advec_square_sweep_20260615_144426/advection_rk4_upwind_advec_peak_N5000_20260615_144426,"{'N': 5000, 'dt': 0.005, 'dx': 0.05}"
2026-06-15 09:22:37,ml,sweep,advection,cnn,mixed,ml/runs/sweeps/run_advection_rk4_upwind_advec_gauss_advec_peak_advec_square_20260615_145212_6231,"{'epochs': 1000, 'loaded_datasets': 3}"
2026-06-15 09:43:32,main,sweep,advection,upwind,advec_gauss,pipeline_results/sweeps/advection_rk4_upwind_advec_gauss_advec_peak_advec_shifted_gauss_advec_square_sweep_20260615_151102/advection_rk4_upwind_advec_gauss_N5000_20260615_151102,"{'N': 5000, 'dt': 0.005, 'dx': 0.05}"
2026-06-15 09:46:11,main,sweep,advection,upwind,advec_square,pipeline_results/sweeps/advection_rk4_upwind_advec_gauss_advec_peak_advec_shifted_gauss_advec_square_sweep_20260615_151102/advection_rk4_upwind_advec_square_N5000_20260615_151102,"{'N': 5000, 'dt': 0.005, 'dx': 0.05}"
2026-06-15 09:48:57,main,sweep,advection,upwind,advec_peak,pipeline_results/sweeps/advection_rk4_upwind_advec_gauss_advec_peak_advec_shifted_gauss_advec_square_sweep_20260615_151102/advection_rk4_upwind_advec_peak_N5000_20260615_151102,"{'N': 5000, 'dt': 0.005, 'dx': 0.05}"
2026-06-15 09:51:33,main,sweep,advection,upwind,advec_shifted_gauss,pipeline_results/sweeps/advection_rk4_upwind_advec_gauss_advec_peak_advec_shifted_gauss_advec_square_sweep_20260615_151102/advection_rk4_upwind_advec_shifted_gauss_N5000_20260615_151102,"{'N': 5000, 'dt': 0.005, 'dx': 0.05}"
2026-06-15 09:52:26,ml,sweep,advection,cnn,mixed,ml/runs/sweeps/run_advection_rk4_upwind_advec_gauss_advec_peak_advec_shifted_gauss_advec_square_20260615_152154_991b,"{'epochs': 1000, 'loaded_datasets': 4}"
2026-06-15 10:05:20,ml,sweep,advection,cnn,mixed,ml/runs/sweeps/run_advection_rk4_upwind_advec_gauss_advec_peak_advec_shifted_gauss_advec_square_20260615_153446_4752,"{'epochs': 1000, 'loaded_datasets': 3}"
2026-06-15 10:51:58,main,sweep,advection,upwind,advec_shifted_gauss,pipeline_results/sweeps/advection_rk4_upwind_advec_gauss_advec_peak_advec_shifted_gauss_advec_square_sweep_20260615_154353/advection_rk4_upwind_advec_shifted_gauss_N5000_20260615_154353,"{'N': 5000, 'dt': 0.005, 'dx': 0.05}"
2026-06-15 10:52:01,main,sweep,advection,upwind,advec_gauss,pipeline_results/sweeps/advection_rk4_upwind_advec_gauss_advec_peak_advec_shifted_gauss_advec_square_sweep_20260615_154353/advection_rk4_upwind_advec_gauss_N5000_20260615_154353,"{'N': 5000, 'dt': 0.005, 'dx': 0.05}"
2026-06-15 10:52:07,main,sweep,advection,upwind,advec_square,pipeline_results/sweeps/advection_rk4_upwind_advec_gauss_advec_peak_advec_shifted_gauss_advec_square_sweep_20260615_154353/advection_rk4_upwind_advec_square_N5000_20260615_154353,"{'N': 5000, 'dt': 0.005, 'dx': 0.05}"
2026-06-15 10:52:17,main,sweep,advection,upwind,advec_peak,pipeline_results/sweeps/advection_rk4_upwind_advec_gauss_advec_peak_advec_shifted_gauss_advec_square_sweep_20260615_154353/advection_rk4_upwind_advec_peak_N5000_20260615_154353,"{'N': 5000, 'dt': 0.005, 'dx': 0.05}"
2026-06-15 10:53:46,ml,sweep,advection,cnn,mixed,ml/runs/sweeps/run_advection_rk4_upwind_advec_gauss_advec_peak_advec_shifted_gauss_advec_square_20260615_162311_58fb,"{'epochs': 1000, 'loaded_datasets': 3}"
2026-06-15 11:10:46,ml,sweep,advection,cnn,mixed,ml/runs/sweeps/run_advection_rk4_upwind_advec_gauss_advec_peak_advec_shifted_gauss_advec_square_20260615_163933_ccb5,"{'epochs': 1000, 'loaded_datasets': 3}"
2026-06-15 12:05:42,ml,sweep,advection,cnn,mixed,ml/runs/sweeps/run_advection_rk4_upwind_advec_gauss_advec_peak_advec_shifted_gauss_advec_square_20260615_173424_c3aa,"{'epochs': 1000, 'loaded_datasets': 3}"
2026-06-17 07:55:40,main,single,shallow_water,central_flux_divergence,shallow_dam,pipeline_results/runs/shallow_water_lax_w_central_flux_divergence_shallow_dam_N1000_20260617_132522,"{'N': 1000, 'dt': 0.05, 'dx': 0.5}"
2026-06-17 08:01:26,main,single,shallow_water,central_flux_divergence,shallow_dam,pipeline_results/runs/shallow_water_lax_f_central_flux_divergence_shallow_dam_N1000_20260617_132702,"{'N': 1000, 'dt': 0.05, 'dx': 0.5}"
2026-06-17 08:35:12,main,single,advection,upwind,advec_gauss,pipeline_results/runs/advection_lax_w_upwind_advec_gauss_N5000_20260617_140219,"{'N': 5000, 'dt': 0.005, 'dx': 0.05}"
2026-06-17 14:34:21,main,single,shallow_water,gradient,shallow_linear_gauss,pipeline_results\runs\shallow_water_lax_w_gradient_shallow_linear_gauss_N1000_20260617_143420,"{'N': 1000, 'dt': 0.01, 'dx': 0.5}"
2026-06-17 14:35:16,main,single,shallow_water,gradient,shallow_linear_gauss,pipeline_results\runs\shallow_water_lax_w_gradient_shallow_linear_gauss_N1000_20260617_143505,"{'N': 1000, 'dt': 0.01, 'dx': 0.5}"
2026-06-17 14:35:51,main,sweep,shallow_water,gradient,shallow_linear_gauss,pipeline_results\sweeps\shallow_water_lax_w_gradient_shallow_linear_gauss_sweep_20260617_143548\shallow_water_lax_w_gradient_shallow_linear_gauss_N500_20260617_143548,"{'N': 500, 'dt': 0.02, 'dx': 1.0}"
2026-06-17 14:35:52,main,sweep,shallow_water,gradient,shallow_linear_gauss,pipeline_results\sweeps\shallow_water_lax_w_gradient_shallow_linear_gauss_sweep_20260617_143548\shallow_water_lax_w_gradient_shallow_linear_gauss_N1000_20260617_143548,"{'N': 1000, 'dt': 0.01, 'dx': 0.5}"
2026-06-17 14:35:55,main,sweep,shallow_water,gradient,shallow_linear_gauss,pipeline_results\sweeps\shallow_water_lax_w_gradient_shallow_linear_gauss_sweep_20260617_143548\shallow_water_lax_w_gradient_shallow_linear_gauss_N2000_20260617_143548,"{'N': 2000, 'dt': 0.005, 'dx': 0.25}"
2026-06-17 14:36:11,main,sweep,shallow_water,gradient,shallow_linear_gauss,pipeline_results\sweeps\shallow_water_lax_w_gradient_shallow_linear_gauss_sweep_20260617_143548\shallow_water_lax_w_gradient_shallow_linear_gauss_N4000_20260617_143548,"{'N': 4000, 'dt': 0.0025, 'dx': 0.125}"
2026-06-17 14:44:21,main,sweep,shallow_water,gradient,shallow_linear_gauss,pipeline_results\sweeps\shallow_water_lax_w_gradient_shallow_linear_gauss_sweep_20260617_144418\shallow_water_lax_w_gradient_shallow_linear_gauss_N500_20260617_144418,"{'N': 500, 'dt': 0.02, 'dx': 1.0}"
2026-06-17 14:44:21,main,sweep,shallow_water,gradient,shallow_linear_gauss,pipeline_results\sweeps\shallow_water_lax_w_gradient_shallow_linear_gauss_sweep_20260617_144418\shallow_water_lax_w_gradient_shallow_linear_gauss_N1000_20260617_144418,"{'N': 1000, 'dt': 0.01, 'dx': 0.5}"
2026-06-17 14:44:21,main,sweep,shallow_water,gradient,shallow_linear_gauss,pipeline_results\sweeps\shallow_water_lax_w_gradient_shallow_linear_gauss_sweep_20260617_144418\shallow_water_lax_w_gradient_shallow_linear_gauss_N2000_20260617_144418,"{'N': 2000, 'dt': 0.005, 'dx': 0.25}"
2026-06-17 14:44:25,main,sweep,shallow_water,gradient,shallow_linear_gauss,pipeline_results\sweeps\shallow_water_lax_w_gradient_shallow_linear_gauss_sweep_20260617_144418\shallow_water_lax_w_gradient_shallow_linear_gauss_N4000_20260617_144418,"{'N': 4000, 'dt': 0.0025, 'dx': 0.125}"
2026-06-17 14:51:22,main,single,shallow_water,gradient,shallow_dam,pipeline_results\runs\shallow_water_lax_f_gradient_shallow_dam_N1000_20260617_145122,"{'N': 1000, 'dt': 0.01, 'dx': 0.5}"
2026-06-17 14:51:37,main,sweep,shallow_water,gradient,shallow_dam,pipeline_results\sweeps\shallow_water_lax_f_gradient_shallow_dam_sweep_20260617_145135\shallow_water_lax_f_gradient_shallow_dam_N500_20260617_145135,"{'N': 500, 'dt': 0.02, 'dx': 1.0}"
2026-06-17 14:51:38,main,sweep,shallow_water,gradient,shallow_dam,pipeline_results\sweeps\shallow_water_lax_f_gradient_shallow_dam_sweep_20260617_145135\shallow_water_lax_f_gradient_shallow_dam_N1000_20260617_145135,"{'N': 1000, 'dt': 0.01, 'dx': 0.5}"
2026-06-17 14:51:38,main,sweep,shallow_water,gradient,shallow_dam,pipeline_results\sweeps\shallow_water_lax_f_gradient_shallow_dam_sweep_20260617_145135\shallow_water_lax_f_gradient_shallow_dam_N2000_20260617_145135,"{'N': 2000, 'dt': 0.005, 'dx': 0.25}"
2026-06-17 14:51:38,main,sweep,shallow_water,gradient,shallow_dam,pipeline_results\sweeps\shallow_water_lax_f_gradient_shallow_dam_sweep_20260617_145135\shallow_water_lax_f_gradient_shallow_dam_N4000_20260617_145135,"{'N': 4000, 'dt': 0.0025, 'dx': 0.125}"
2026-06-17 09:24:43,main,single,shallow_water,gradient,shallow_dam,pipeline_results/runs/shallow_water_lax_w_gradient_shallow_dam_N1000_20260617_145442,"{'N': 1000, 'dt': 0.01, 'dx': 0.5}"
2026-06-17 09:25:21,main,sweep,shallow_water,gradient,shallow_dam,pipeline_results/sweeps/shallow_water_lax_w_gradient_shallow_dam_sweep_20260617_145520/shallow_water_lax_w_gradient_shallow_dam_N500_20260617_145520,"{'N': 500, 'dt': 0.02, 'dx': 1.0}"
2026-06-17 09:25:21,main,sweep,shallow_water,gradient,shallow_dam,pipeline_results/sweeps/shallow_water_lax_w_gradient_shallow_dam_sweep_20260617_145520/shallow_water_lax_w_gradient_shallow_dam_N1000_20260617_145520,"{'N': 1000, 'dt': 0.01, 'dx': 0.5}"
2026-06-17 09:25:21,main,sweep,shallow_water,gradient,shallow_dam,pipeline_results/sweeps/shallow_water_lax_w_gradient_shallow_dam_sweep_20260617_145520/shallow_water_lax_w_gradient_shallow_dam_N2000_20260617_145520,"{'N': 2000, 'dt': 0.005, 'dx': 0.25}"
2026-06-17 09:25:22,main,sweep,shallow_water,gradient,shallow_dam,pipeline_results/sweeps/shallow_water_lax_w_gradient_shallow_dam_sweep_20260617_145520/shallow_water_lax_w_gradient_shallow_dam_N4000_20260617_145520,"{'N': 4000, 'dt': 0.0025, 'dx': 0.125}"
2026-06-17 15:26:35,main,sweep,advection,gradient,advec_gauss,pipeline_results\sweeps\advection_rk4_upwind_advec_gauss_sweep_20260617_152606\advection_rk4_gradient_advec_gauss_N5000_20260617_152606,"{'N': 5000, 'dt': 0.005, 'dx': 0.05}"
2026-06-17 15:26:35,main,sweep,advection,upwind,advec_gauss,pipeline_results\sweeps\advection_rk4_upwind_advec_gauss_sweep_20260617_152606\advection_rk4_upwind_advec_gauss_N5000_20260617_152606,"{'N': 5000, 'dt': 0.005, 'dx': 0.05}"
2026-06-17 15:26:58,main,sweep,advection,upwind,advec_gauss,pipeline_results\sweeps\advection_rk4_upwind_advec_gauss_sweep_20260617_152654\advection_rk4_upwind_advec_gauss_N2500_20260617_152654,"{'N': 2500, 'dt': 0.01, 'dx': 0.1}"
2026-06-17 15:26:58,main,sweep,advection,gradient,advec_gauss,pipeline_results\sweeps\advection_rk4_upwind_advec_gauss_sweep_20260617_152654\advection_rk4_gradient_advec_gauss_N2500_20260617_152654,"{'N': 2500, 'dt': 0.01, 'dx': 0.1}"
2026-06-17 15:27:01,main,sweep,advection,upwind,advec_gauss,pipeline_results\sweeps\advection_rk4_upwind_advec_gauss_sweep_20260617_152654\advection_rk4_upwind_advec_gauss_N5000_20260617_152654,"{'N': 5000, 'dt': 0.005, 'dx': 0.05}"
2026-06-17 15:27:01,main,sweep,advection,gradient,advec_gauss,pipeline_results\sweeps\advection_rk4_upwind_advec_gauss_sweep_20260617_152654\advection_rk4_gradient_advec_gauss_N5000_20260617_152654,"{'N': 5000, 'dt': 0.005, 'dx': 0.05}"
2026-06-17 15:27:08,main,sweep,advection,upwind,advec_gauss,pipeline_results\sweeps\advection_rk4_upwind_advec_gauss_sweep_20260617_152654\advection_rk4_upwind_advec_gauss_N10000_20260617_152654,"{'N': 10000, 'dt': 0.0025, 'dx': 0.025}"
2026-06-17 15:27:08,main,sweep,advection,gradient,advec_gauss,pipeline_results\sweeps\advection_rk4_upwind_advec_gauss_sweep_20260617_152654\advection_rk4_gradient_advec_gauss_N10000_20260617_152654,"{'N': 10000, 'dt': 0.0025, 'dx': 0.025}"
2026-06-17 15:27:31,main,sweep,advection,upwind,advec_gauss,pipeline_results\sweeps\advection_rk4_upwind_advec_gauss_sweep_20260617_152654\advection_rk4_upwind_advec_gauss_N20000_20260617_152654,"{'N': 20000, 'dt': 0.00125, 'dx': 0.0125}"
2026-06-17 15:27:31,main,sweep,advection,gradient,advec_gauss,pipeline_results\sweeps\advection_rk4_upwind_advec_gauss_sweep_20260617_152654\advection_rk4_gradient_advec_gauss_N20000_20260617_152654,"{'N': 20000, 'dt': 0.00125, 'dx': 0.0125}"
2026-06-17 15:27:54,main,sweep,diffusion,laplacian,diff_gauss,pipeline_results\sweeps\diffusion_rk4_laplacian_diff_gauss_sweep_20260617_152746\diffusion_euler_laplacian_diff_gauss_N5000_20260617_152746,"{'N': 5000, 'dt': 0.001, 'dx': 0.05}"
2026-06-17 15:28:09,main,sweep,diffusion,laplacian,diff_gauss,pipeline_results\sweeps\diffusion_rk4_laplacian_diff_gauss_sweep_20260617_152746\diffusion_rk4_laplacian_diff_gauss_N5000_20260617_152746,"{'N': 5000, 'dt': 0.001, 'dx': 0.05}"
2026-06-17 15:28:26,main,sweep,diffusion,laplacian,diff_gauss,pipeline_results\sweeps\diffusion_euler_laplacian_diff_gauss_sweep_20260617_152824\diffusion_euler_laplacian_diff_gauss_N2500_20260617_152824,"{'N': 2500, 'dt': 0.25, 'dx': 1.0}"
2026-06-17 15:28:26,main,sweep,diffusion,laplacian,diff_gauss,pipeline_results\sweeps\diffusion_euler_laplacian_diff_gauss_sweep_20260617_152824\diffusion_euler_laplacian_diff_gauss_N5000_20260617_152824,"{'N': 5000, 'dt': 0.0625, 'dx': 0.5}"
2026-06-17 15:28:26,main,sweep,diffusion,laplacian,diff_gauss,pipeline_results\sweeps\diffusion_euler_laplacian_diff_gauss_sweep_20260617_152824\diffusion_euler_laplacian_diff_gauss_N10000_20260617_152824,"{'N': 10000, 'dt': 0.015625, 'dx': 0.25}"
2026-06-17 15:28:33,main,sweep,diffusion,laplacian,diff_gauss,pipeline_results\sweeps\diffusion_euler_laplacian_diff_gauss_sweep_20260617_152824\diffusion_euler_laplacian_diff_gauss_N20000_20260617_152824,"{'N': 20000, 'dt': 0.00390625, 'dx': 0.125}"
2026-06-17 15:28:44,main,sweep,wave,laplacian,wave_gauss,pipeline_results\sweeps\wave_rk4_laplacian_wave_gauss_sweep_20260617_152841\wave_euler_laplacian_wave_gauss_N2000_20260617_152841,"{'N': 2000, 'dt': 0.0025, 'dx': 0.05}"
2026-06-17 15:28:44,main,sweep,wave,laplacian,wave_gauss,pipeline_results\sweeps\wave_rk4_laplacian_wave_gauss_sweep_20260617_152841\wave_leapfrog_laplacian_wave_gauss_N2000_20260617_152841,"{'N': 2000, 'dt': 0.0025, 'dx': 0.05}"
2026-06-17 15:28:47,main,sweep,wave,laplacian,wave_gauss,pipeline_results\sweeps\wave_rk4_laplacian_wave_gauss_sweep_20260617_152841\wave_rk4_laplacian_wave_gauss_N2000_20260617_152841,"{'N': 2000, 'dt': 0.0025, 'dx': 0.05}"
2026-06-17 15:28:54,main,sweep,wave,laplacian,wave_gauss,pipeline_results\sweeps\wave_leapfrog_laplacian_wave_gauss_sweep_20260617_152851\wave_leapfrog_laplacian_wave_gauss_N1000_20260617_152851,"{'N': 1000, 'dt': 0.01, 'dx': 0.1}"
2026-06-17 15:28:54,main,sweep,wave,laplacian,wave_gauss,pipeline_results\sweeps\wave_leapfrog_laplacian_wave_gauss_sweep_20260617_152851\wave_leapfrog_laplacian_wave_gauss_N2000_20260617_152851,"{'N': 2000, 'dt': 0.005, 'dx': 0.05}"
2026-06-17 15:28:54,main,sweep,wave,laplacian,wave_gauss,pipeline_results\sweeps\wave_leapfrog_laplacian_wave_gauss_sweep_20260617_152851\wave_leapfrog_laplacian_wave_gauss_N4000_20260617_152851,"{'N': 4000, 'dt': 0.0025, 'dx': 0.025}"
2026-06-17 15:28:57,main,sweep,wave,laplacian,wave_gauss,pipeline_results\sweeps\wave_leapfrog_laplacian_wave_gauss_sweep_20260617_152851\wave_leapfrog_laplacian_wave_gauss_N8000_20260617_152851,"{'N': 8000, 'dt': 0.00125, 'dx': 0.0125}"
2026-06-17 15:29:03,main,sweep,wave,laplacian,wave_gauss,pipeline_results\sweeps\wave_leapfrog_laplacian_wave_gauss_sweep_20260617_152851\wave_leapfrog_laplacian_wave_gauss_N16000_20260617_152851,"{'N': 16000, 'dt': 0.000625, 'dx': 0.00625}"
2026-06-17 15:29:31,main,single,shallow_water,gradient,shallow_linear_gauss,pipeline_results\runs\shallow_water_lax_w_gradient_shallow_linear_gauss_N1000_20260617_152914,"{'N': 1000, 'dt': 0.01, 'dx': 0.5}"
2026-06-17 15:29:40,main,sweep,shallow_water,gradient,shallow_linear_gauss,pipeline_results\sweeps\shallow_water_lax_w_gradient_shallow_linear_gauss_sweep_20260617_152938\shallow_water_lax_w_gradient_shallow_linear_gauss_N500_20260617_152938,"{'N': 500, 'dt': 0.02, 'dx': 1.0}"
2026-06-17 15:29:41,main,sweep,shallow_water,gradient,shallow_linear_gauss,pipeline_results\sweeps\shallow_water_lax_w_gradient_shallow_linear_gauss_sweep_20260617_152938\shallow_water_lax_w_gradient_shallow_linear_gauss_N1000_20260617_152938,"{'N': 1000, 'dt': 0.01, 'dx': 0.5}"
2026-06-17 15:29:41,main,sweep,shallow_water,gradient,shallow_linear_gauss,pipeline_results\sweeps\shallow_water_lax_w_gradient_shallow_linear_gauss_sweep_20260617_152938\shallow_water_lax_w_gradient_shallow_linear_gauss_N2000_20260617_152938,"{'N': 2000, 'dt': 0.005, 'dx': 0.25}"
2026-06-17 15:29:44,main,sweep,shallow_water,gradient,shallow_linear_gauss,pipeline_results\sweeps\shallow_water_lax_w_gradient_shallow_linear_gauss_sweep_20260617_152938\shallow_water_lax_w_gradient_shallow_linear_gauss_N4000_20260617_152938,"{'N': 4000, 'dt': 0.0025, 'dx': 0.125}"
2026-06-17 15:29:52,main,single,shallow_water,gradient,shallow_dam,pipeline_results\runs\shallow_water_lax_w_gradient_shallow_dam_N1000_20260617_152950,"{'N': 1000, 'dt': 0.01, 'dx': 0.5}"
2026-06-17 15:29:57,main,sweep,shallow_water,gradient,shallow_dam,pipeline_results\sweeps\shallow_water_lax_w_gradient_shallow_dam_sweep_20260617_152955\shallow_water_lax_w_gradient_shallow_dam_N500_20260617_152955,"{'N': 500, 'dt': 0.02, 'dx': 1.0}"
2026-06-17 15:29:57,main,sweep,shallow_water,gradient,shallow_dam,pipeline_results\sweeps\shallow_water_lax_w_gradient_shallow_dam_sweep_20260617_152955\shallow_water_lax_w_gradient_shallow_dam_N1000_20260617_152955,"{'N': 1000, 'dt': 0.01, 'dx': 0.5}"
2026-06-17 15:29:58,main,sweep,shallow_water,gradient,shallow_dam,pipeline_results\sweeps\shallow_water_lax_w_gradient_shallow_dam_sweep_20260617_152955\shallow_water_lax_w_gradient_shallow_dam_N2000_20260617_152955,"{'N': 2000, 'dt': 0.005, 'dx': 0.25}"
2026-06-17 15:29:59,main,sweep,shallow_water,gradient,shallow_dam,pipeline_results\sweeps\shallow_water_lax_w_gradient_shallow_dam_sweep_20260617_152955\shallow_water_lax_w_gradient_shallow_dam_N4000_20260617_152955,"{'N': 4000, 'dt': 0.0025, 'dx': 0.125}"
2026-06-17 15:35:41,main,sweep,shallow_water,gradient,shallow_dam,pipeline_results\sweeps\shallow_water_lax_w_gradient_shallow_dam_sweep_20260617_153538\shallow_water_lax_f_gradient_shallow_dam_N1000_20260617_153538,"{'N': 1000, 'dt': 0.01, 'dx': 0.5}"
2026-06-17 15:35:41,main,sweep,shallow_water,gradient,shallow_dam,pipeline_results\sweeps\shallow_water_lax_w_gradient_shallow_dam_sweep_20260617_153538\shallow_water_lax_w_gradient_shallow_dam_N1000_20260617_153538,"{'N': 1000, 'dt': 0.01, 'dx': 0.5}"
2026-06-17 15:36:05,main,sweep,shallow_water,gradient,shallow_dam,pipeline_results\sweeps\shallow_water_lax_w_gradient_shallow_dam_sweep_20260617_153601\shallow_water_lax_f_gradient_shallow_dam_N500_20260617_153601,"{'N': 500, 'dt': 0.02, 'dx': 1.0}"
2026-06-17 15:36:05,main,sweep,shallow_water,gradient,shallow_dam,pipeline_results\sweeps\shallow_water_lax_w_gradient_shallow_dam_sweep_20260617_153601\shallow_water_lax_w_gradient_shallow_dam_N500_20260617_153601,"{'N': 500, 'dt': 0.02, 'dx': 1.0}"
2026-06-17 15:36:06,main,sweep,shallow_water,gradient,shallow_dam,pipeline_results\sweeps\shallow_water_lax_w_gradient_shallow_dam_sweep_20260617_153601\shallow_water_lax_f_gradient_shallow_dam_N1000_20260617_153601,"{'N': 1000, 'dt': 0.01, 'dx': 0.5}"
2026-06-17 15:36:06,main,sweep,shallow_water,gradient,shallow_dam,pipeline_results\sweeps\shallow_water_lax_w_gradient_shallow_dam_sweep_20260617_153601\shallow_water_lax_w_gradient_shallow_dam_N1000_20260617_153601,"{'N': 1000, 'dt': 0.01, 'dx': 0.5}"
2026-06-17 15:36:07,main,sweep,shallow_water,gradient,shallow_dam,pipeline_results\sweeps\shallow_water_lax_w_gradient_shallow_dam_sweep_20260617_153601\shallow_water_lax_f_gradient_shallow_dam_N2000_20260617_153601,"{'N': 2000, 'dt': 0.005, 'dx': 0.25}"
2026-06-17 15:36:08,main,sweep,shallow_water,gradient,shallow_dam,pipeline_results\sweeps\shallow_water_lax_w_gradient_shallow_dam_sweep_20260617_153601\shallow_water_lax_w_gradient_shallow_dam_N2000_20260617_153601,"{'N': 2000, 'dt': 0.005, 'dx': 0.25}"
2026-06-17 15:36:10,main,sweep,shallow_water,gradient,shallow_dam,pipeline_results\sweeps\shallow_water_lax_w_gradient_shallow_dam_sweep_20260617_153601\shallow_water_lax_f_gradient_shallow_dam_N4000_20260617_153601,"{'N': 4000, 'dt': 0.0025, 'dx': 0.125}"
2026-06-17 15:36:11,main,sweep,shallow_water,gradient,shallow_dam,pipeline_results\sweeps\shallow_water_lax_w_gradient_shallow_dam_sweep_20260617_153601\shallow_water_lax_w_gradient_shallow_dam_N4000_20260617_153601,"{'N': 4000, 'dt': 0.0025, 'dx': 0.125}"
2026-06-17 16:13:18,main,sweep,advection,upwind,advec_gauss,pipeline_results\sweeps\advection_rk4_upwind_advec_gauss_sweep_20260617_161255\advection_rk4_upwind_advec_gauss_N5000_20260617_161255,"{'N': 5000, 'dt': 0.005, 'dx': 0.05}"
2026-06-17 16:13:18,main,sweep,advection,gradient,advec_gauss,pipeline_results\sweeps\advection_rk4_upwind_advec_gauss_sweep_20260617_161255\advection_rk4_gradient_advec_gauss_N5000_20260617_161255,"{'N': 5000, 'dt': 0.005, 'dx': 0.05}"
2026-06-17 16:13:41,main,sweep,advection,upwind,advec_gauss,pipeline_results\sweeps\advection_rk4_upwind_advec_gauss_sweep_20260617_161336\advection_rk4_upwind_advec_gauss_N2500_20260617_161336,"{'N': 2500, 'dt': 0.01, 'dx': 0.1}"
2026-06-17 16:13:41,main,sweep,advection,gradient,advec_gauss,pipeline_results\sweeps\advection_rk4_upwind_advec_gauss_sweep_20260617_161336\advection_rk4_gradient_advec_gauss_N2500_20260617_161336,"{'N': 2500, 'dt': 0.01, 'dx': 0.1}"
2026-06-17 16:13:44,main,sweep,advection,gradient,advec_gauss,pipeline_results\sweeps\advection_rk4_upwind_advec_gauss_sweep_20260617_161336\advection_rk4_gradient_advec_gauss_N5000_20260617_161336,"{'N': 5000, 'dt': 0.005, 'dx': 0.05}"
2026-06-17 16:13:44,main,sweep,advection,upwind,advec_gauss,pipeline_results\sweeps\advection_rk4_upwind_advec_gauss_sweep_20260617_161336\advection_rk4_upwind_advec_gauss_N5000_20260617_161336,"{'N': 5000, 'dt': 0.005, 'dx': 0.05}"
2026-06-17 16:13:51,main,sweep,advection,upwind,advec_gauss,pipeline_results\sweeps\advection_rk4_upwind_advec_gauss_sweep_20260617_161336\advection_rk4_upwind_advec_gauss_N10000_20260617_161336,"{'N': 10000, 'dt': 0.0025, 'dx': 0.025}"
2026-06-17 16:13:51,main,sweep,advection,gradient,advec_gauss,pipeline_results\sweeps\advection_rk4_upwind_advec_gauss_sweep_20260617_161336\advection_rk4_gradient_advec_gauss_N10000_20260617_161336,"{'N': 10000, 'dt': 0.0025, 'dx': 0.025}"
2026-06-17 16:14:11,main,sweep,advection,upwind,advec_gauss,pipeline_results\sweeps\advection_rk4_upwind_advec_gauss_sweep_20260617_161336\advection_rk4_upwind_advec_gauss_N20000_20260617_161336,"{'N': 20000, 'dt': 0.00125, 'dx': 0.0125}"
2026-06-17 16:14:11,main,sweep,advection,gradient,advec_gauss,pipeline_results\sweeps\advection_rk4_upwind_advec_gauss_sweep_20260617_161336\advection_rk4_gradient_advec_gauss_N20000_20260617_161336,"{'N': 20000, 'dt': 0.00125, 'dx': 0.0125}"
2026-06-17 16:14:40,main,sweep,diffusion,laplacian,diff_gauss,pipeline_results\sweeps\diffusion_rk4_laplacian_diff_gauss_sweep_20260617_161427\diffusion_euler_laplacian_diff_gauss_N5000_20260617_161427,"{'N': 5000, 'dt': 0.001, 'dx': 0.05}"
2026-06-17 16:14:49,main,sweep,diffusion,laplacian,diff_gauss,pipeline_results\sweeps\diffusion_rk4_laplacian_diff_gauss_sweep_20260617_161427\diffusion_rk4_laplacian_diff_gauss_N5000_20260617_161427,"{'N': 5000, 'dt': 0.001, 'dx': 0.05}"
2026-06-17 16:15:08,main,sweep,diffusion,laplacian,diff_gauss,pipeline_results\sweeps\diffusion_euler_laplacian_diff_gauss_sweep_20260617_161506\diffusion_euler_laplacian_diff_gauss_N2500_20260617_161506,"{'N': 2500, 'dt': 0.25, 'dx': 1.0}"
2026-06-17 16:15:08,main,sweep,diffusion,laplacian,diff_gauss,pipeline_results\sweeps\diffusion_euler_laplacian_diff_gauss_sweep_20260617_161506\diffusion_euler_laplacian_diff_gauss_N5000_20260617_161506,"{'N': 5000, 'dt': 0.0625, 'dx': 0.5}"
2026-06-17 16:15:09,main,sweep,diffusion,laplacian,diff_gauss,pipeline_results\sweeps\diffusion_euler_laplacian_diff_gauss_sweep_20260617_161506\diffusion_euler_laplacian_diff_gauss_N10000_20260617_161506,"{'N': 10000, 'dt': 0.015625, 'dx': 0.25}"
2026-06-17 16:15:17,main,sweep,diffusion,laplacian,diff_gauss,pipeline_results\sweeps\diffusion_euler_laplacian_diff_gauss_sweep_20260617_161506\diffusion_euler_laplacian_diff_gauss_N20000_20260617_161506,"{'N': 20000, 'dt': 0.00390625, 'dx': 0.125}"
2026-06-17 16:15:28,main,sweep,wave,laplacian,wave_gauss,pipeline_results\sweeps\wave_rk4_laplacian_wave_gauss_sweep_20260617_161525\wave_euler_laplacian_wave_gauss_N2000_20260617_161525,"{'N': 2000, 'dt': 0.0025, 'dx': 0.05}"
2026-06-17 16:15:28,main,sweep,wave,laplacian,wave_gauss,pipeline_results\sweeps\wave_rk4_laplacian_wave_gauss_sweep_20260617_161525\wave_leapfrog_laplacian_wave_gauss_N2000_20260617_161525,"{'N': 2000, 'dt': 0.0025, 'dx': 0.05}"
2026-06-17 16:15:32,main,sweep,wave,laplacian,wave_gauss,pipeline_results\sweeps\wave_rk4_laplacian_wave_gauss_sweep_20260617_161525\wave_rk4_laplacian_wave_gauss_N2000_20260617_161525,"{'N': 2000, 'dt': 0.0025, 'dx': 0.05}"
2026-06-17 16:15:37,main,sweep,wave,laplacian,wave_gauss,pipeline_results\sweeps\wave_leapfrog_laplacian_wave_gauss_sweep_20260617_161535\wave_leapfrog_laplacian_wave_gauss_N1000_20260617_161535,"{'N': 1000, 'dt': 0.01, 'dx': 0.1}"
2026-06-17 16:15:38,main,sweep,wave,laplacian,wave_gauss,pipeline_results\sweeps\wave_leapfrog_laplacian_wave_gauss_sweep_20260617_161535\wave_leapfrog_laplacian_wave_gauss_N2000_20260617_161535,"{'N': 2000, 'dt': 0.005, 'dx': 0.05}"
2026-06-17 16:15:38,main,sweep,wave,laplacian,wave_gauss,pipeline_results\sweeps\wave_leapfrog_laplacian_wave_gauss_sweep_20260617_161535\wave_leapfrog_laplacian_wave_gauss_N4000_20260617_161535,"{'N': 4000, 'dt': 0.0025, 'dx': 0.025}"
2026-06-17 16:15:40,main,sweep,wave,laplacian,wave_gauss,pipeline_results\sweeps\wave_leapfrog_laplacian_wave_gauss_sweep_20260617_161535\wave_leapfrog_laplacian_wave_gauss_N8000_20260617_161535,"{'N': 8000, 'dt': 0.00125, 'dx': 0.0125}"
2026-06-17 16:15:51,main,sweep,wave,laplacian,wave_gauss,pipeline_results\sweeps\wave_leapfrog_laplacian_wave_gauss_sweep_20260617_161535\wave_leapfrog_laplacian_wave_gauss_N16000_20260617_161535,"{'N': 16000, 'dt': 0.000625, 'dx': 0.00625}"
2026-06-17 16:16:21,main,single,shallow_water,gradient,shallow_linear_gauss,pipeline_results\runs\shallow_water_lax_w_gradient_shallow_linear_gauss_N1000_20260617_161602,"{'N': 1000, 'dt': 0.01, 'dx': 0.5}"
2026-06-17 16:16:30,main,sweep,shallow_water,gradient,shallow_linear_gauss,pipeline_results\sweeps\shallow_water_lax_w_gradient_shallow_linear_gauss_sweep_20260617_161628\shallow_water_lax_w_gradient_shallow_linear_gauss_N500_20260617_161628,"{'N': 500, 'dt': 0.02, 'dx': 1.0}"
2026-06-17 16:16:30,main,sweep,shallow_water,gradient,shallow_linear_gauss,pipeline_results\sweeps\shallow_water_lax_w_gradient_shallow_linear_gauss_sweep_20260617_161628\shallow_water_lax_w_gradient_shallow_linear_gauss_N1000_20260617_161628,"{'N': 1000, 'dt': 0.01, 'dx': 0.5}"
2026-06-17 16:16:30,main,sweep,shallow_water,gradient,shallow_linear_gauss,pipeline_results\sweeps\shallow_water_lax_w_gradient_shallow_linear_gauss_sweep_20260617_161628\shallow_water_lax_w_gradient_shallow_linear_gauss_N2000_20260617_161628,"{'N': 2000, 'dt': 0.005, 'dx': 0.25}"
2026-06-17 16:16:33,main,sweep,shallow_water,gradient,shallow_linear_gauss,pipeline_results\sweeps\shallow_water_lax_w_gradient_shallow_linear_gauss_sweep_20260617_161628\shallow_water_lax_w_gradient_shallow_linear_gauss_N4000_20260617_161628,"{'N': 4000, 'dt': 0.0025, 'dx': 0.125}"
2026-06-17 16:16:41,main,sweep,shallow_water,gradient,shallow_dam,pipeline_results\sweeps\shallow_water_lax_w_gradient_shallow_dam_sweep_20260617_161638\shallow_water_lax_f_gradient_shallow_dam_N1000_20260617_161638,"{'N': 1000, 'dt': 0.01, 'dx': 0.5}"
2026-06-17 16:16:41,main,sweep,shallow_water,gradient,shallow_dam,pipeline_results\sweeps\shallow_water_lax_w_gradient_shallow_dam_sweep_20260617_161638\shallow_water_lax_w_gradient_shallow_dam_N1000_20260617_161638,"{'N': 1000, 'dt': 0.01, 'dx': 0.5}"
2026-06-17 16:16:48,main,sweep,shallow_water,gradient,shallow_dam,pipeline_results\sweeps\shallow_water_lax_w_gradient_shallow_dam_sweep_20260617_161644\shallow_water_lax_f_gradient_shallow_dam_N500_20260617_161644,"{'N': 500, 'dt': 0.02, 'dx': 1.0}"
2026-06-17 16:16:48,main,sweep,shallow_water,gradient,shallow_dam,pipeline_results\sweeps\shallow_water_lax_w_gradient_shallow_dam_sweep_20260617_161644\shallow_water_lax_w_gradient_shallow_dam_N500_20260617_161644,"{'N': 500, 'dt': 0.02, 'dx': 1.0}"
2026-06-17 16:16:48,main,sweep,shallow_water,gradient,shallow_dam,pipeline_results\sweeps\shallow_water_lax_w_gradient_shallow_dam_sweep_20260617_161644\shallow_water_lax_f_gradient_shallow_dam_N1000_20260617_161644,"{'N': 1000, 'dt': 0.01, 'dx': 0.5}"
2026-06-17 16:16:49,main,sweep,shallow_water,gradient,shallow_dam,pipeline_results\sweeps\shallow_water_lax_w_gradient_shallow_dam_sweep_20260617_161644\shallow_water_lax_w_gradient_shallow_dam_N1000_20260617_161644,"{'N': 1000, 'dt': 0.01, 'dx': 0.5}"
2026-06-17 16:16:50,main,sweep,shallow_water,gradient,shallow_dam,pipeline_results\sweeps\shallow_water_lax_w_gradient_shallow_dam_sweep_20260617_161644\shallow_water_lax_f_gradient_shallow_dam_N2000_20260617_161644,"{'N': 2000, 'dt': 0.005, 'dx': 0.25}"
2026-06-17 16:16:51,main,sweep,shallow_water,gradient,shallow_dam,pipeline_results\sweeps\shallow_water_lax_w_gradient_shallow_dam_sweep_20260617_161644\shallow_water_lax_w_gradient_shallow_dam_N2000_20260617_161644,"{'N': 2000, 'dt': 0.005, 'dx': 0.25}"
2026-06-17 16:16:52,main,sweep,shallow_water,gradient,shallow_dam,pipeline_results\sweeps\shallow_water_lax_w_gradient_shallow_dam_sweep_20260617_161644\shallow_water_lax_f_gradient_shallow_dam_N4000_20260617_161644,"{'N': 4000, 'dt': 0.0025, 'dx': 0.125}"
2026-06-17 16:16:53,main,sweep,shallow_water,gradient,shallow_dam,pipeline_results\sweeps\shallow_water_lax_w_gradient_shallow_dam_sweep_20260617_161644\shallow_water_lax_w_gradient_shallow_dam_N4000_20260617_161644,"{'N': 4000, 'dt': 0.0025, 'dx': 0.125}"
2026-06-17 11:12:49,main,sweep,diffusion,laplacian,diff_gauss,pipeline_results/sweeps/diffusion_euler_laplacian_diff_gauss_sweep_20260617_164248/diffusion_euler_laplacian_diff_gauss_N2500_20260617_164248,"{'N': 2500, 'dt': 0.25, 'dx': 1.0}"
2026-06-17 11:12:49,main,sweep,diffusion,laplacian,diff_gauss,pipeline_results/sweeps/diffusion_euler_laplacian_diff_gauss_sweep_20260617_164248/diffusion_rk4_laplacian_diff_gauss_N2500_20260617_164248,"{'N': 2500, 'dt': 0.25, 'dx': 1.0}"
2026-06-17 11:12:49,main,sweep,diffusion,laplacian,diff_gauss,pipeline_results/sweeps/diffusion_euler_laplacian_diff_gauss_sweep_20260617_164248/diffusion_euler_laplacian_diff_gauss_N5000_20260617_164248,"{'N': 5000, 'dt': 0.0625, 'dx': 0.5}"
2026-06-17 11:12:49,main,sweep,diffusion,laplacian,diff_gauss,pipeline_results/sweeps/diffusion_euler_laplacian_diff_gauss_sweep_20260617_164248/diffusion_rk4_laplacian_diff_gauss_N5000_20260617_164248,"{'N': 5000, 'dt': 0.0625, 'dx': 0.5}"
2026-06-17 11:12:49,main,sweep,diffusion,laplacian,diff_gauss,pipeline_results/sweeps/diffusion_euler_laplacian_diff_gauss_sweep_20260617_164248/diffusion_euler_laplacian_diff_gauss_N10000_20260617_164248,"{'N': 10000, 'dt': 0.015625, 'dx': 0.25}"
2026-06-17 11:12:50,main,sweep,diffusion,laplacian,diff_gauss,pipeline_results/sweeps/diffusion_euler_laplacian_diff_gauss_sweep_20260617_164248/diffusion_rk4_laplacian_diff_gauss_N10000_20260617_164248,"{'N': 10000, 'dt': 0.015625, 'dx': 0.25}"
2026-06-17 11:12:51,main,sweep,diffusion,laplacian,diff_gauss,pipeline_results/sweeps/diffusion_euler_laplacian_diff_gauss_sweep_20260617_164248/diffusion_euler_laplacian_diff_gauss_N20000_20260617_164248,"{'N': 20000, 'dt': 0.00390625, 'dx': 0.125}"
2026-06-17 11:12:55,main,sweep,diffusion,laplacian,diff_gauss,pipeline_results/sweeps/diffusion_euler_laplacian_diff_gauss_sweep_20260617_164248/diffusion_rk4_laplacian_diff_gauss_N20000_20260617_164248,"{'N': 20000, 'dt': 0.00390625, 'dx': 0.125}"
2026-06-17 17:02:32,main,sweep,wave,laplacian,wave_gauss,pipeline_results\sweeps\wave_rk4_laplacian_wave_gauss_sweep_20260617_170229\wave_euler_laplacian_wave_gauss_N2000_20260617_170229,"{'N': 2000, 'dt': 0.0025, 'dx': 0.05}"
2026-06-17 17:02:32,main,sweep,wave,laplacian,wave_gauss,pipeline_results\sweeps\wave_rk4_laplacian_wave_gauss_sweep_20260617_170229\wave_leapfrog_laplacian_wave_gauss_N2000_20260617_170229,"{'N': 2000, 'dt': 0.0025, 'dx': 0.05}"
2026-06-17 17:02:36,main,sweep,wave,laplacian,wave_gauss,pipeline_results\sweeps\wave_rk4_laplacian_wave_gauss_sweep_20260617_170229\wave_rk4_laplacian_wave_gauss_N2000_20260617_170229,"{'N': 2000, 'dt': 0.0025, 'dx': 0.05}"
2026-06-17 17:08:58,main,sweep,wave,laplacian,wave_gauss,pipeline_results\sweeps\wave_rk4_laplacian_wave_gauss_sweep_20260617_170854\wave_leapfrog_laplacian_wave_gauss_N4000_20260617_170854,"{'N': 4000, 'dt': 0.01, 'dx': 0.025}"
2026-06-17 17:09:04,main,sweep,wave,laplacian,wave_gauss,pipeline_results\sweeps\wave_rk4_laplacian_wave_gauss_sweep_20260617_170854\wave_rk4_laplacian_wave_gauss_N4000_20260617_170854,"{'N': 4000, 'dt': 0.01, 'dx': 0.025}"
2026-06-17 17:09:35,main,sweep,wave,laplacian,wave_gauss,pipeline_results\sweeps\wave_rk4_laplacian_wave_gauss_sweep_20260617_170933\wave_leapfrog_laplacian_wave_gauss_N4000_20260617_170933,"{'N': 4000, 'dt': 0.01, 'dx': 0.025}"
2026-06-17 17:09:41,main,sweep,wave,laplacian,wave_gauss,pipeline_results\sweeps\wave_rk4_laplacian_wave_gauss_sweep_20260617_170933\wave_rk4_laplacian_wave_gauss_N4000_20260617_170933,"{'N': 4000, 'dt': 0.01, 'dx': 0.025}"
2026-06-17 17:13:17,main,sweep,wave,laplacian,wave_gauss,pipeline_results\sweeps\wave_rk4_laplacian_wave_gauss_sweep_20260617_171310\wave_leapfrog_laplacian_wave_gauss_N4000_20260617_171310,"{'N': 4000, 'dt': 0.025, 'dx': 0.025}"
2026-06-17 17:13:27,main,sweep,wave,laplacian,wave_gauss,pipeline_results\sweeps\wave_rk4_laplacian_wave_gauss_sweep_20260617_171310\wave_rk4_laplacian_wave_gauss_N4000_20260617_171310,"{'N': 4000, 'dt': 0.025, 'dx': 0.025}"
2026-06-17 17:15:18,main,sweep,wave,laplacian,wave_gauss,pipeline_results\sweeps\wave_rk4_laplacian_wave_gauss_sweep_20260617_171416\wave_leapfrog_laplacian_wave_gauss_N4000_20260617_171416,"{'N': 4000, 'dt': 0.025, 'dx': 0.025}"
2026-06-17 17:17:02,main,sweep,wave,laplacian,wave_gauss,pipeline_results\sweeps\wave_rk4_laplacian_wave_gauss_sweep_20260617_171416\wave_rk4_laplacian_wave_gauss_N4000_20260617_171416,"{'N': 4000, 'dt': 0.025, 'dx': 0.025}"
2026-06-17 17:21:20,main,sweep,wave,laplacian,wave_gauss,pipeline_results\sweeps\wave_rk4_laplacian_wave_gauss_sweep_20260617_172117\wave_euler_laplacian_wave_gauss_N4000_20260617_172117,"{'N': 4000, 'dt': 0.025, 'dx': 0.025}"
2026-06-17 17:21:20,main,sweep,wave,laplacian,wave_gauss,pipeline_results\sweeps\wave_rk4_laplacian_wave_gauss_sweep_20260617_172117\wave_leapfrog_laplacian_wave_gauss_N4000_20260617_172117,"{'N': 4000, 'dt': 0.025, 'dx': 0.025}"
2026-06-17 17:21:22,main,sweep,wave,laplacian,wave_gauss,pipeline_results\sweeps\wave_rk4_laplacian_wave_gauss_sweep_20260617_172117\wave_rk4_laplacian_wave_gauss_N4000_20260617_172117,"{'N': 4000, 'dt': 0.025, 'dx': 0.025}"
2026-06-17 17:29:16,main,sweep,wave,laplacian,wave_gauss,pipeline_results\sweeps\wave_rk4_laplacian_wave_gauss_sweep_20260617_172600\wave_leapfrog_laplacian_wave_gauss_N4000_20260617_172600,"{'N': 4000, 'dt': 0.025, 'dx': 0.025}"
2026-06-17 17:29:49,main,sweep,wave,laplacian,wave_gauss,pipeline_results\sweeps\wave_rk4_laplacian_wave_gauss_sweep_20260617_172600\wave_euler_laplacian_wave_gauss_N4000_20260617_172600,"{'N': 4000, 'dt': 0.025, 'dx': 0.025}"
2026-06-17 17:31:00,main,sweep,wave,laplacian,wave_gauss,pipeline_results\sweeps\wave_rk4_laplacian_wave_gauss_sweep_20260617_172600\wave_rk4_laplacian_wave_gauss_N4000_20260617_172600,"{'N': 4000, 'dt': 0.025, 'dx': 0.025}"
2026-06-27 06:23:48,main,single,burgers,upwind,advec_gauss,pipeline_results/runs/burgers_rk4_upwind_advec_gauss_N5000_20260627_115336,"{'N': 5000, 'dt': 0.005, 'dx': 0.05}"
2026-06-27 06:29:15,main,single,burgers,upwind,advec_gauss,pipeline_results/runs/burgers_rk4_upwind_advec_gauss_N5000_20260627_115903,"{'N': 5000, 'dt': 0.005, 'dx': 0.05}"
2026-06-27 06:52:02,main,single,burgers,upwind,burgers_stationary_shock,pipeline_results/runs/burgers_rk4_upwind_burgers_stationary_shock_N5000_20260627_122150,"{'N': 5000, 'dt': 0.005, 'dx': 0.05}"
2026-06-27 12:23:16,main,single,burgers,upwind,burgers_stationary_shock,pipeline_results\runs\burgers_rk4_upwind_burgers_stationary_shock_N5000_20260627_122302,"{'N': 5000, 'dt': 0.005, 'dx': 0.05}"
2026-06-27 12:23:44,main,single,burgers,upwind,burgers_stationary_shock,pipeline_results\runs\burgers_rk4_upwind_burgers_stationary_shock_N5000_20260627_122330,"{'N': 5000, 'dt': 0.005, 'dx': 0.05}"
2026-06-27 12:25:23,main,single,burgers,upwind,burgers_stationary_shock,pipeline_results\runs\burgers_rk4_upwind_burgers_stationary_shock_N5000_20260627_122356,"{'N': 5000, 'dt': 0.001, 'dx': 0.05}"
2026-06-27 06:58:07,main,single,burgers,upwind,burgers_stationary_shock,pipeline_results/runs/burgers_lax_w_upwind_burgers_stationary_shock_N5000_20260627_122729,"{'N': 5000, 'dt': 0.001, 'dx': 0.05}"
2026-06-27 06:59:42,main,sweep,burgers,upwind,burgers_stationary_shock,pipeline_results/sweeps/burgers_lax_w_upwind_burgers_stationary_shock_burgers_traveling_shock_sweep_20260627_122900/burgers_lax_f_upwind_burgers_stationary_shock_N5000_20260627_122900,"{'N': 5000, 'dt': 0.001, 'dx': 0.05}"
2026-06-27 06:59:42,main,sweep,burgers,upwind,burgers_traveling_shock,pipeline_results/sweeps/burgers_lax_w_upwind_burgers_stationary_shock_burgers_traveling_shock_sweep_20260627_122900/burgers_lax_f_upwind_burgers_traveling_shock_N5000_20260627_122900,"{'N': 5000, 'dt': 0.001, 'dx': 0.05}"
2026-06-27 06:59:57,main,sweep,burgers,upwind,burgers_traveling_shock,pipeline_results/sweeps/burgers_lax_w_upwind_burgers_stationary_shock_burgers_traveling_shock_sweep_20260627_122900/burgers_lax_w_upwind_burgers_traveling_shock_N5000_20260627_122900,"{'N': 5000, 'dt': 0.001, 'dx': 0.05}"
2026-06-27 06:59:57,main,sweep,burgers,upwind,burgers_stationary_shock,pipeline_results/sweeps/burgers_lax_w_upwind_burgers_stationary_shock_burgers_traveling_shock_sweep_20260627_122900/burgers_lax_w_upwind_burgers_stationary_shock_N5000_20260627_122900,"{'N': 5000, 'dt': 0.001, 'dx': 0.05}"
2026-06-27 12:36:24,main,sweep,burgers,upwind,burgers_stationary_shock,pipeline_results\sweeps\burgers_lax_w_upwind_burgers_stationary_shock_burgers_traveling_shock_sweep_20260627_123531\burgers_lax_f_upwind_burgers_stationary_shock_N5000_20260627_123531,"{'N': 5000, 'dt': 0.001, 'dx': 0.05}"
2026-06-27 12:36:24,main,sweep,burgers,upwind,burgers_traveling_shock,pipeline_results\sweeps\burgers_lax_w_upwind_burgers_stationary_shock_burgers_traveling_shock_sweep_20260627_123531\burgers_lax_f_upwind_burgers_traveling_shock_N5000_20260627_123531,"{'N': 5000, 'dt': 0.001, 'dx': 0.05}"
2026-06-27 12:36:50,main,sweep,burgers,upwind,burgers_stationary_shock,pipeline_results\sweeps\burgers_lax_w_upwind_burgers_stationary_shock_burgers_traveling_shock_sweep_20260627_123531\burgers_lax_w_upwind_burgers_stationary_shock_N5000_20260627_123531,"{'N': 5000, 'dt': 0.001, 'dx': 0.05}"
2026-06-27 12:36:51,main,sweep,burgers,upwind,burgers_traveling_shock,pipeline_results\sweeps\burgers_lax_w_upwind_burgers_stationary_shock_burgers_traveling_shock_sweep_20260627_123531\burgers_lax_w_upwind_burgers_traveling_shock_N5000_20260627_123531,"{'N': 5000, 'dt': 0.001, 'dx': 0.05}"
2026-06-27 12:38:49,main,sweep,burgers,upwind,burgers_stationary_shock,pipeline_results\sweeps\burgers_lax_w_upwind_burgers_stationary_shock_burgers_traveling_shock_sweep_20260627_123748\burgers_lax_f_upwind_burgers_stationary_shock_N5000_20260627_123748,"{'N': 5000, 'dt': 0.001, 'dx': 0.05}"
2026-06-27 12:38:49,main,sweep,burgers,upwind,burgers_traveling_shock,pipeline_results\sweeps\burgers_lax_w_upwind_burgers_stationary_shock_burgers_traveling_shock_sweep_20260627_123748\burgers_lax_f_upwind_burgers_traveling_shock_N5000_20260627_123748,"{'N': 5000, 'dt': 0.001, 'dx': 0.05}"
2026-06-27 12:39:17,main,sweep,burgers,upwind,burgers_stationary_shock,pipeline_results\sweeps\burgers_lax_w_upwind_burgers_stationary_shock_burgers_traveling_shock_sweep_20260627_123748\burgers_lax_w_upwind_burgers_stationary_shock_N5000_20260627_123748,"{'N': 5000, 'dt': 0.001, 'dx': 0.05}"
2026-06-27 12:39:20,main,sweep,burgers,upwind,burgers_traveling_shock,pipeline_results\sweeps\burgers_lax_w_upwind_burgers_stationary_shock_burgers_traveling_shock_sweep_20260627_123748\burgers_lax_w_upwind_burgers_traveling_shock_N5000_20260627_123748,"{'N': 5000, 'dt': 0.001, 'dx': 0.05}"
2026-06-27 12:56:03,main,sweep,burgers,upwind,burgers_stationary_shock,pipeline_results\sweeps\burgers_lax_w_upwind_burgers_stationary_shock_burgers_traveling_shock_sweep_20260627_125502\burgers_lax_f_upwind_burgers_stationary_shock_N5000_20260627_125502,"{'N': 5000, 'dt': 0.001, 'dx': 0.05}"
2026-06-27 12:56:06,main,sweep,burgers,upwind,burgers_traveling_shock,pipeline_results\sweeps\burgers_lax_w_upwind_burgers_stationary_shock_burgers_traveling_shock_sweep_20260627_125502\burgers_lax_f_upwind_burgers_traveling_shock_N5000_20260627_125502,"{'N': 5000, 'dt': 0.001, 'dx': 0.05}"
2026-06-27 12:56:33,main,sweep,burgers,upwind,burgers_stationary_shock,pipeline_results\sweeps\burgers_lax_w_upwind_burgers_stationary_shock_burgers_traveling_shock_sweep_20260627_125502\burgers_lax_w_upwind_burgers_stationary_shock_N5000_20260627_125502,"{'N': 5000, 'dt': 0.001, 'dx': 0.05}"
2026-06-27 12:56:36,main,sweep,burgers,upwind,burgers_traveling_shock,pipeline_results\sweeps\burgers_lax_w_upwind_burgers_stationary_shock_burgers_traveling_shock_sweep_20260627_125502\burgers_lax_w_upwind_burgers_traveling_shock_N5000_20260627_125502,"{'N': 5000, 'dt': 0.001, 'dx': 0.05}"
2026-06-27 07:31:04,main,sweep,burgers,upwind,burgers_stationary_shock,pipeline_results/sweeps/burgers_rk4_upwind_burgers_stationary_shock_burgers_traveling_shock_sweep_20260627_125951/burgers_rk4_upwind_burgers_stationary_shock_N5000_20260627_125951,"{'N': 5000, 'dt': 0.001, 'dx': 0.05}"
2026-06-27 07:31:06,main,sweep,burgers,upwind,burgers_traveling_shock,pipeline_results/sweeps/burgers_rk4_upwind_burgers_stationary_shock_burgers_traveling_shock_sweep_20260627_125951/burgers_rk4_upwind_burgers_traveling_shock_N5000_20260627_125951,"{'N': 5000, 'dt': 0.001, 'dx': 0.05}"
2026-06-27 07:32:58,main,sweep,burgers,gradient,burgers_stationary_shock,pipeline_results/sweeps/burgers_rk4_gradient_burgers_stationary_shock_burgers_traveling_shock_sweep_20260627_130154/burgers_rk4_gradient_burgers_stationary_shock_N5000_20260627_130154,"{'N': 5000, 'dt': 0.001, 'dx': 0.05}"
2026-06-27 07:32:59,main,sweep,burgers,gradient,burgers_traveling_shock,pipeline_results/sweeps/burgers_rk4_gradient_burgers_stationary_shock_burgers_traveling_shock_sweep_20260627_130154/burgers_rk4_gradient_burgers_traveling_shock_N5000_20260627_130154,"{'N': 5000, 'dt': 0.001, 'dx': 0.05}"
2026-06-27 07:47:27,main,sweep,burgers,gradient,burgers_stationary_shock,pipeline_results/sweeps/burgers_rk4_gradient_burgers_stationary_shock_burgers_traveling_shock_sweep_20260627_131623/burgers_rk4_gradient_burgers_stationary_shock_N5000_20260627_131623,"{'N': 5000, 'dt': 0.001, 'dx': 0.05}"
2026-06-27 07:47:27,main,sweep,burgers,gradient,burgers_traveling_shock,pipeline_results/sweeps/burgers_rk4_gradient_burgers_stationary_shock_burgers_traveling_shock_sweep_20260627_131623/burgers_rk4_gradient_burgers_traveling_shock_N5000_20260627_131623,"{'N': 5000, 'dt': 0.001, 'dx': 0.05}"
2026-06-27 07:50:18,main,sweep,burgers,gradient,burgers_stationary_shock,pipeline_results/sweeps/burgers_rk4_gradient_burgers_stationary_shock_burgers_traveling_shock_sweep_20260627_131913/burgers_rk4_gradient_burgers_stationary_shock_N5000_20260627_131913,"{'N': 5000, 'dt': 0.001, 'dx': 0.05}"
2026-06-27 07:50:19,main,sweep,burgers,gradient,burgers_traveling_shock,pipeline_results/sweeps/burgers_rk4_gradient_burgers_stationary_shock_burgers_traveling_shock_sweep_20260627_131913/burgers_rk4_gradient_burgers_traveling_shock_N5000_20260627_131913,"{'N': 5000, 'dt': 0.001, 'dx': 0.05}"
2026-06-27 13:23:03,main,sweep,burgers,gradient,burgers_stationary_shock,pipeline_results\sweeps\burgers_rk4_gradient_burgers_stationary_shock_burgers_traveling_shock_sweep_20260627_132122\burgers_lax_f_gradient_burgers_stationary_shock_N5000_20260627_132122,"{'N': 5000, 'dt': 0.001, 'dx': 0.05}"
2026-06-27 13:23:08,main,sweep,burgers,gradient,burgers_traveling_shock,pipeline_results\sweeps\burgers_rk4_gradient_burgers_stationary_shock_burgers_traveling_shock_sweep_20260627_132122\burgers_lax_f_gradient_burgers_traveling_shock_N5000_20260627_132122,"{'N': 5000, 'dt': 0.001, 'dx': 0.05}"
2026-06-27 13:23:14,main,sweep,burgers,upwind,burgers_stationary_shock,pipeline_results\sweeps\burgers_rk4_gradient_burgers_stationary_shock_burgers_traveling_shock_sweep_20260627_132122\burgers_lax_f_upwind_burgers_stationary_shock_N5000_20260627_132122,"{'N': 5000, 'dt': 0.001, 'dx': 0.05}"
2026-06-27 13:23:55,main,sweep,burgers,upwind,burgers_stationary_shock,pipeline_results\sweeps\burgers_rk4_gradient_burgers_stationary_shock_burgers_traveling_shock_sweep_20260627_132122\burgers_lax_w_upwind_burgers_stationary_shock_N5000_20260627_132122,"{'N': 5000, 'dt': 0.001, 'dx': 0.05}"
2026-06-27 13:23:56,main,sweep,burgers,gradient,burgers_stationary_shock,pipeline_results\sweeps\burgers_rk4_gradient_burgers_stationary_shock_burgers_traveling_shock_sweep_20260627_132122\burgers_lax_w_gradient_burgers_stationary_shock_N5000_20260627_132122,"{'N': 5000, 'dt': 0.001, 'dx': 0.05}"
2026-06-27 13:24:00,main,sweep,burgers,gradient,burgers_traveling_shock,pipeline_results\sweeps\burgers_rk4_gradient_burgers_stationary_shock_burgers_traveling_shock_sweep_20260627_132122\burgers_lax_w_gradient_burgers_traveling_shock_N5000_20260627_132122,"{'N': 5000, 'dt': 0.001, 'dx': 0.05}"
2026-06-27 13:24:54,main,sweep,burgers,gradient,burgers_stationary_shock,pipeline_results\sweeps\burgers_rk4_gradient_burgers_stationary_shock_burgers_traveling_shock_sweep_20260627_132122\burgers_rk4_gradient_burgers_stationary_shock_N5000_20260627_132122,"{'N': 5000, 'dt': 0.001, 'dx': 0.05}"
2026-06-27 13:24:57,main,sweep,burgers,gradient,burgers_traveling_shock,pipeline_results\sweeps\burgers_rk4_gradient_burgers_stationary_shock_burgers_traveling_shock_sweep_20260627_132122\burgers_rk4_gradient_burgers_traveling_shock_N5000_20260627_132122,"{'N': 5000, 'dt': 0.001, 'dx': 0.05}"
2026-06-27 13:25:24,main,sweep,burgers,upwind,burgers_stationary_shock,pipeline_results\sweeps\burgers_rk4_gradient_burgers_stationary_shock_burgers_traveling_shock_sweep_20260627_132122\burgers_rk4_upwind_burgers_stationary_shock_N5000_20260627_132122,"{'N': 5000, 'dt': 0.001, 'dx': 0.05}"
2026-06-27 13:25:33,main,sweep,burgers,upwind,burgers_traveling_shock,pipeline_results\sweeps\burgers_rk4_gradient_burgers_stationary_shock_burgers_traveling_shock_sweep_20260627_132122\burgers_rk4_upwind_burgers_traveling_shock_N5000_20260627_132122,"{'N': 5000, 'dt': 0.001, 'dx': 0.05}"
2026-06-27 13:25:46,main,sweep,burgers,upwind,burgers_traveling_shock,pipeline_results\sweeps\burgers_rk4_gradient_burgers_stationary_shock_burgers_traveling_shock_sweep_20260627_132122\burgers_lax_f_upwind_burgers_traveling_shock_N5000_20260627_132122,"{'N': 5000, 'dt': 0.001, 'dx': 0.05}"
2026-06-27 13:26:14,main,sweep,burgers,upwind,burgers_traveling_shock,pipeline_results\sweeps\burgers_rk4_gradient_burgers_stationary_shock_burgers_traveling_shock_sweep_20260627_132122\burgers_lax_w_upwind_burgers_traveling_shock_N5000_20260627_132122,"{'N': 5000, 'dt': 0.001, 'dx': 0.05}"
2026-06-27 08:11:24,main,sweep,burgers,upwind,burgers_stationary_shock,pipeline_results/sweeps/burgers_rk4_upwind_burgers_stationary_shock_burgers_traveling_shock_sweep_20260627_134037/burgers_lax_f_upwind_burgers_stationary_shock_N5000_20260627_134037,"{'N': 5000, 'dt': 0.001, 'dx': 0.05}"
2026-06-27 08:11:25,main,sweep,burgers,upwind,burgers_traveling_shock,pipeline_results/sweeps/burgers_rk4_upwind_burgers_stationary_shock_burgers_traveling_shock_sweep_20260627_134037/burgers_lax_f_upwind_burgers_traveling_shock_N5000_20260627_134037,"{'N': 5000, 'dt': 0.001, 'dx': 0.05}"
2026-06-27 08:11:41,main,sweep,burgers,upwind,burgers_traveling_shock,pipeline_results/sweeps/burgers_rk4_upwind_burgers_stationary_shock_burgers_traveling_shock_sweep_20260627_134037/burgers_lax_w_upwind_burgers_traveling_shock_N5000_20260627_134037,"{'N': 5000, 'dt': 0.001, 'dx': 0.05}"
2026-06-27 08:11:41,main,sweep,burgers,upwind,burgers_stationary_shock,pipeline_results/sweeps/burgers_rk4_upwind_burgers_stationary_shock_burgers_traveling_shock_sweep_20260627_134037/burgers_lax_w_upwind_burgers_stationary_shock_N5000_20260627_134037,"{'N': 5000, 'dt': 0.001, 'dx': 0.05}"
2026-06-27 08:12:05,main,sweep,burgers,upwind,burgers_stationary_shock,pipeline_results/sweeps/burgers_rk4_upwind_burgers_stationary_shock_burgers_traveling_shock_sweep_20260627_134037/burgers_rk4_upwind_burgers_stationary_shock_N5000_20260627_134037,"{'N': 5000, 'dt': 0.001, 'dx': 0.05}"
2026-06-27 08:12:06,main,sweep,burgers,upwind,burgers_traveling_shock,pipeline_results/sweeps/burgers_rk4_upwind_burgers_stationary_shock_burgers_traveling_shock_sweep_20260627_134037/burgers_rk4_upwind_burgers_traveling_shock_N5000_20260627_134037,"{'N': 5000, 'dt': 0.001, 'dx': 0.05}"
2026-06-27 08:23:25,main,sweep,burgers,upwind,burgers_stationary_shock,pipeline_results/sweeps/burgers_rk4_upwind_burgers_stationary_shock_burgers_traveling_shock_sweep_20260627_135303/burgers_rk4_upwind_burgers_stationary_shock_N1250_20260627_135303,"{'N': 1250, 'dt': 0.004, 'dx': 0.2}"
2026-06-27 08:23:27,main,sweep,burgers,upwind,burgers_traveling_shock,pipeline_results/sweeps/burgers_rk4_upwind_burgers_stationary_shock_burgers_traveling_shock_sweep_20260627_135303/burgers_rk4_upwind_burgers_traveling_shock_N1250_20260627_135303,"{'N': 1250, 'dt': 0.004, 'dx': 0.2}"
2026-06-27 08:23:51,main,sweep,burgers,upwind,burgers_stationary_shock,pipeline_results/sweeps/burgers_rk4_upwind_burgers_stationary_shock_burgers_traveling_shock_sweep_20260627_135303/burgers_rk4_upwind_burgers_stationary_shock_N2500_20260627_135303,"{'N': 2500, 'dt': 0.002, 'dx': 0.1}"
2026-06-27 08:23:52,main,sweep,burgers,upwind,burgers_traveling_shock,pipeline_results/sweeps/burgers_rk4_upwind_burgers_stationary_shock_burgers_traveling_shock_sweep_20260627_135303/burgers_rk4_upwind_burgers_traveling_shock_N2500_20260627_135303,"{'N': 2500, 'dt': 0.002, 'dx': 0.1}"
2026-06-27 08:26:28,main,sweep,burgers,upwind,burgers_traveling_shock,pipeline_results/sweeps/burgers_rk4_upwind_burgers_traveling_shock_sweep_20260627_135611/burgers_rk4_upwind_burgers_traveling_shock_N1250_20260627_135611,"{'N': 1250, 'dt': 0.004, 'dx': 0.2}"
2026-06-27 08:26:49,main,sweep,burgers,upwind,burgers_traveling_shock,pipeline_results/sweeps/burgers_rk4_upwind_burgers_traveling_shock_sweep_20260627_135611/burgers_rk4_upwind_burgers_traveling_shock_N2500_20260627_135611,"{'N': 2500, 'dt': 0.002, 'dx': 0.1}"
2026-06-27 18:32:15,main,sweep,burgers,upwind,burgers_traveling_shock,pipeline_results\sweeps\burgers_rk4_upwind_burgers_traveling_shock_sweep_20260627_183151\burgers_rk4_upwind_burgers_traveling_shock_N1250_20260627_183151,"{'N': 1250, 'dt': 0.004, 'dx': 0.2}"
2026-06-27 18:33:58,main,single,burgers,upwind,burgers_traveling_shock,pipeline_results\runs\burgers_rk4_upwind_burgers_traveling_shock_N1250_20260627_183343,"{'N': 1250, 'dt': 0.004, 'dx': 0.2}"
2026-06-27 18:37:28,main,sweep,burgers,upwind,burgers_traveling_shock,pipeline_results\sweeps\burgers_rk4_upwind_burgers_traveling_shock_sweep_20260627_183725\burgers_rk4_upwind_burgers_traveling_shock_N250_20260627_183725,"{'N': 250, 'dt': 0.02, 'dx': 1.0}"
2026-06-27 18:37:31,main,sweep,burgers,upwind,burgers_traveling_shock,pipeline_results\sweeps\burgers_rk4_upwind_burgers_traveling_shock_sweep_20260627_183725\burgers_rk4_upwind_burgers_traveling_shock_N500_20260627_183725,"{'N': 500, 'dt': 0.01, 'dx': 0.5}"
2026-06-27 18:37:39,main,sweep,burgers,upwind,burgers_traveling_shock,pipeline_results\sweeps\burgers_rk4_upwind_burgers_traveling_shock_sweep_20260627_183725\burgers_rk4_upwind_burgers_traveling_shock_N1000_20260627_183725,"{'N': 1000, 'dt': 0.005, 'dx': 0.25}"
2026-06-27 13:12:31,main,sweep,burgers,upwind,burgers_traveling_shock,pipeline_results/sweeps/burgers_rk4_upwind_burgers_traveling_shock_sweep_20260627_184229/burgers_rk4_upwind_burgers_traveling_shock_N250_20260627_184229,"{'N': 250, 'dt': 0.02, 'dx': 1.0}"
2026-06-27 13:12:32,main,sweep,burgers,upwind,burgers_traveling_shock,pipeline_results/sweeps/burgers_rk4_upwind_burgers_traveling_shock_sweep_20260627_184229/burgers_rk4_upwind_burgers_traveling_shock_N500_20260627_184229,"{'N': 500, 'dt': 0.01, 'dx': 0.5}"
2026-06-27 13:12:34,main,sweep,burgers,upwind,burgers_traveling_shock,pipeline_results/sweeps/burgers_rk4_upwind_burgers_traveling_shock_sweep_20260627_184229/burgers_rk4_upwind_burgers_traveling_shock_N1000_20260627_184229,"{'N': 1000, 'dt': 0.005, 'dx': 0.25}"
2026-06-27 19:04:02,main,sweep,burgers,upwind,burgers_traveling_shock,pipeline_results\sweeps\burgers_rk4_upwind_burgers_traveling_shock_sweep_20260627_190400\burgers_rk4_upwind_burgers_traveling_shock_N50_20260627_190400,"{'N': 50, 'dt': 0.1, 'dx': 5.0}"
2026-06-27 19:04:02,main,sweep,burgers,upwind,burgers_traveling_shock,pipeline_results\sweeps\burgers_rk4_upwind_burgers_traveling_shock_sweep_20260627_190400\burgers_rk4_upwind_burgers_traveling_shock_N100_20260627_190400,"{'N': 100, 'dt': 0.05, 'dx': 2.5}"
2026-06-27 13:37:40,main,sweep,burgers,upwind,burgers_stationary_shock,pipeline_results/sweeps/burgers_rk4_upwind_burgers_stationary_shock_burgers_traveling_shock_sweep_20260627_190737/burgers_rk4_upwind_burgers_stationary_shock_N250_20260627_190737,"{'N': 250, 'dt': 0.02, 'dx': 1.0}"
2026-06-27 13:37:40,main,sweep,burgers,upwind,burgers_traveling_shock,pipeline_results/sweeps/burgers_rk4_upwind_burgers_stationary_shock_burgers_traveling_shock_sweep_20260627_190737/burgers_rk4_upwind_burgers_traveling_shock_N250_20260627_190737,"{'N': 250, 'dt': 0.02, 'dx': 1.0}"
2026-06-27 13:37:41,main,sweep,burgers,upwind,burgers_stationary_shock,pipeline_results/sweeps/burgers_rk4_upwind_burgers_stationary_shock_burgers_traveling_shock_sweep_20260627_190737/burgers_rk4_upwind_burgers_stationary_shock_N250_20260627_190737,"{'N': 250, 'dt': 0.02, 'dx': 1.0}"
2026-06-27 13:37:41,main,sweep,burgers,upwind,burgers_traveling_shock,pipeline_results/sweeps/burgers_rk4_upwind_burgers_stationary_shock_burgers_traveling_shock_sweep_20260627_190737/burgers_rk4_upwind_burgers_traveling_shock_N250_20260627_190737,"{'N': 250, 'dt': 0.02, 'dx': 1.0}"
2026-06-27 13:37:43,main,sweep,burgers,upwind,burgers_stationary_shock,pipeline_results/sweeps/burgers_rk4_upwind_burgers_stationary_shock_burgers_traveling_shock_sweep_20260627_190737/burgers_rk4_upwind_burgers_stationary_shock_N500_20260627_190737,"{'N': 500, 'dt': 0.01, 'dx': 0.5}"
2026-06-27 13:37:43,main,sweep,burgers,upwind,burgers_traveling_shock,pipeline_results/sweeps/burgers_rk4_upwind_burgers_stationary_shock_burgers_traveling_shock_sweep_20260627_190737/burgers_rk4_upwind_burgers_traveling_shock_N500_20260627_190737,"{'N': 500, 'dt': 0.01, 'dx': 0.5}"
2026-06-27 13:37:45,main,sweep,burgers,upwind,burgers_traveling_shock,pipeline_results/sweeps/burgers_rk4_upwind_burgers_stationary_shock_burgers_traveling_shock_sweep_20260627_190737/burgers_rk4_upwind_burgers_traveling_shock_N500_20260627_190737,"{'N': 500, 'dt': 0.01, 'dx': 0.5}"
2026-06-27 13:37:46,main,sweep,burgers,upwind,burgers_stationary_shock,pipeline_results/sweeps/burgers_rk4_upwind_burgers_stationary_shock_burgers_traveling_shock_sweep_20260627_190737/burgers_rk4_upwind_burgers_stationary_shock_N500_20260627_190737,"{'N': 500, 'dt': 0.01, 'dx': 0.5}"
2026-06-27 13:37:50,main,sweep,burgers,upwind,burgers_traveling_shock,pipeline_results/sweeps/burgers_rk4_upwind_burgers_stationary_shock_burgers_traveling_shock_sweep_20260627_190737/burgers_rk4_upwind_burgers_traveling_shock_N1000_20260627_190737,"{'N': 1000, 'dt': 0.005, 'dx': 0.25}"
2026-06-27 13:37:53,main,sweep,burgers,upwind,burgers_stationary_shock,pipeline_results/sweeps/burgers_rk4_upwind_burgers_stationary_shock_burgers_traveling_shock_sweep_20260627_190737/burgers_rk4_upwind_burgers_stationary_shock_N1000_20260627_190737,"{'N': 1000, 'dt': 0.005, 'dx': 0.25}"
2026-06-27 13:37:54,main,sweep,burgers,upwind,burgers_traveling_shock,pipeline_results/sweeps/burgers_rk4_upwind_burgers_stationary_shock_burgers_traveling_shock_sweep_20260627_190737/burgers_rk4_upwind_burgers_traveling_shock_N1000_20260627_190737,"{'N': 1000, 'dt': 0.005, 'dx': 0.25}"
2026-06-27 13:37:56,main,sweep,burgers,upwind,burgers_stationary_shock,pipeline_results/sweeps/burgers_rk4_upwind_burgers_stationary_shock_burgers_traveling_shock_sweep_20260627_190737/burgers_rk4_upwind_burgers_stationary_shock_N1000_20260627_190737,"{'N': 1000, 'dt': 0.005, 'dx': 0.25}"
2026-06-27 13:38:09,main,sweep,burgers,upwind,burgers_traveling_shock,pipeline_results/sweeps/burgers_rk4_upwind_burgers_stationary_shock_burgers_traveling_shock_sweep_20260627_190737/burgers_rk4_upwind_burgers_traveling_shock_N2000_20260627_190737,"{'N': 2000, 'dt': 0.0025, 'dx': 0.125}"
2026-06-27 13:38:10,main,sweep,burgers,upwind,burgers_stationary_shock,pipeline_results/sweeps/burgers_rk4_upwind_burgers_stationary_shock_burgers_traveling_shock_sweep_20260627_190737/burgers_rk4_upwind_burgers_stationary_shock_N2000_20260627_190737,"{'N': 2000, 'dt': 0.0025, 'dx': 0.125}"
2026-06-27 13:38:17,main,sweep,burgers,upwind,burgers_stationary_shock,pipeline_results/sweeps/burgers_rk4_upwind_burgers_stationary_shock_burgers_traveling_shock_sweep_20260627_190737/burgers_rk4_upwind_burgers_stationary_shock_N2000_20260627_190737,"{'N': 2000, 'dt': 0.0025, 'dx': 0.125}"
2026-06-27 13:38:17,main,sweep,burgers,upwind,burgers_traveling_shock,pipeline_results/sweeps/burgers_rk4_upwind_burgers_stationary_shock_burgers_traveling_shock_sweep_20260627_190737/burgers_rk4_upwind_burgers_traveling_shock_N2000_20260627_190737,"{'N': 2000, 'dt': 0.0025, 'dx': 0.125}"
2026-06-27 13:41:42,main,sweep,burgers,upwind,burgers_stationary_shock,pipeline_results/sweeps/burgers_rk4_upwind_burgers_stationary_shock_burgers_traveling_shock_sweep_20260627_191140/burgers_rk4_upwind_burgers_stationary_shock_N250_20260627_191140,"{'N': 250, 'dt': 0.02, 'dx': 1.0}"
2026-06-27 13:41:42,main,sweep,burgers,upwind,burgers_traveling_shock,pipeline_results/sweeps/burgers_rk4_upwind_burgers_stationary_shock_burgers_traveling_shock_sweep_20260627_191140/burgers_rk4_upwind_burgers_traveling_shock_N250_20260627_191140,"{'N': 250, 'dt': 0.02, 'dx': 1.0}"
2026-06-27 13:41:44,main,sweep,burgers,upwind,burgers_stationary_shock,pipeline_results/sweeps/burgers_rk4_upwind_burgers_stationary_shock_burgers_traveling_shock_sweep_20260627_191140/burgers_rk4_upwind_burgers_stationary_shock_N500_20260627_191140,"{'N': 500, 'dt': 0.01, 'dx': 0.5}"
2026-06-27 13:41:44,main,sweep,burgers,upwind,burgers_traveling_shock,pipeline_results/sweeps/burgers_rk4_upwind_burgers_stationary_shock_burgers_traveling_shock_sweep_20260627_191140/burgers_rk4_upwind_burgers_traveling_shock_N500_20260627_191140,"{'N': 500, 'dt': 0.01, 'dx': 0.5}"
2026-06-27 13:41:49,main,sweep,burgers,upwind,burgers_stationary_shock,pipeline_results/sweeps/burgers_rk4_upwind_burgers_stationary_shock_burgers_traveling_shock_sweep_20260627_191140/burgers_rk4_upwind_burgers_stationary_shock_N1000_20260627_191140,"{'N': 1000, 'dt': 0.005, 'dx': 0.25}"
2026-06-27 13:41:49,main,sweep,burgers,upwind,burgers_traveling_shock,pipeline_results/sweeps/burgers_rk4_upwind_burgers_stationary_shock_burgers_traveling_shock_sweep_20260627_191140/burgers_rk4_upwind_burgers_traveling_shock_N1000_20260627_191140,"{'N': 1000, 'dt': 0.005, 'dx': 0.25}"
2026-06-27 13:42:00,main,sweep,burgers,upwind,burgers_stationary_shock,pipeline_results/sweeps/burgers_rk4_upwind_burgers_stationary_shock_burgers_traveling_shock_sweep_20260627_191140/burgers_rk4_upwind_burgers_stationary_shock_N2000_20260627_191140,"{'N': 2000, 'dt': 0.0025, 'dx': 0.125}"
2026-06-27 13:42:01,main,sweep,burgers,upwind,burgers_traveling_shock,pipeline_results/sweeps/burgers_rk4_upwind_burgers_stationary_shock_burgers_traveling_shock_sweep_20260627_191140/burgers_rk4_upwind_burgers_traveling_shock_N2000_20260627_191140,"{'N': 2000, 'dt': 0.0025, 'dx': 0.125}"
2026-06-27 19:38:01,main,sweep,burgers,upwind,burgers_traveling_shock,pipeline_results\sweeps\burgers_lax_f_upwind_burgers_traveling_shock_sweep_20260627_193758\burgers_lax_f_upwind_burgers_traveling_shock_N250_20260627_193758,"{'N': 250, 'dt': 0.02, 'dx': 1.0}"
2026-06-27 19:38:01,main,sweep,burgers,upwind,burgers_traveling_shock,pipeline_results\sweeps\burgers_lax_f_upwind_burgers_traveling_shock_sweep_20260627_193758\burgers_lax_w_upwind_burgers_traveling_shock_N250_20260627_193758,"{'N': 250, 'dt': 0.02, 'dx': 1.0}"
2026-06-27 19:38:01,main,sweep,burgers,upwind,burgers_traveling_shock,pipeline_results\sweeps\burgers_lax_f_upwind_burgers_traveling_shock_sweep_20260627_193758\burgers_rk4_upwind_burgers_traveling_shock_N250_20260627_193758,"{'N': 250, 'dt': 0.02, 'dx': 1.0}"
2026-06-27 19:38:01,main,sweep,burgers,upwind,burgers_traveling_shock,pipeline_results\sweeps\burgers_lax_f_upwind_burgers_traveling_shock_sweep_20260627_193758\burgers_lax_f_upwind_burgers_traveling_shock_N500_20260627_193758,"{'N': 500, 'dt': 0.01, 'dx': 0.5}"
2026-06-27 19:38:01,main,sweep,burgers,upwind,burgers_traveling_shock,pipeline_results\sweeps\burgers_lax_f_upwind_burgers_traveling_shock_sweep_20260627_193758\burgers_lax_w_upwind_burgers_traveling_shock_N500_20260627_193758,"{'N': 500, 'dt': 0.01, 'dx': 0.5}"
2026-06-27 19:38:01,main,sweep,burgers,upwind,burgers_traveling_shock,pipeline_results\sweeps\burgers_lax_f_upwind_burgers_traveling_shock_sweep_20260627_193758\burgers_rk4_upwind_burgers_traveling_shock_N500_20260627_193758,"{'N': 500, 'dt': 0.01, 'dx': 0.5}"
2026-06-27 19:38:01,main,sweep,burgers,upwind,burgers_traveling_shock,pipeline_results\sweeps\burgers_lax_f_upwind_burgers_traveling_shock_sweep_20260627_193758\burgers_lax_f_upwind_burgers_traveling_shock_N1000_20260627_193758,"{'N': 1000, 'dt': 0.005, 'dx': 0.25}"
2026-06-27 19:38:01,main,sweep,burgers,upwind,burgers_traveling_shock,pipeline_results\sweeps\burgers_lax_f_upwind_burgers_traveling_shock_sweep_20260627_193758\burgers_lax_w_upwind_burgers_traveling_shock_N1000_20260627_193758,"{'N': 1000, 'dt': 0.005, 'dx': 0.25}"
2026-06-27 19:38:01,main,sweep,burgers,upwind,burgers_traveling_shock,pipeline_results\sweeps\burgers_lax_f_upwind_burgers_traveling_shock_sweep_20260627_193758\burgers_rk4_upwind_burgers_traveling_shock_N1000_20260627_193758,"{'N': 1000, 'dt': 0.005, 'dx': 0.25}"
2026-06-27 19:38:01,main,sweep,burgers,upwind,burgers_traveling_shock,pipeline_results\sweeps\burgers_lax_f_upwind_burgers_traveling_shock_sweep_20260627_193758\burgers_lax_f_upwind_burgers_traveling_shock_N2000_20260627_193758,"{'N': 2000, 'dt': 0.0025, 'dx': 0.125}"
2026-06-27 19:38:02,main,sweep,burgers,upwind,burgers_traveling_shock,pipeline_results\sweeps\burgers_lax_f_upwind_burgers_traveling_shock_sweep_20260627_193758\burgers_lax_w_upwind_burgers_traveling_shock_N2000_20260627_193758,"{'N': 2000, 'dt': 0.0025, 'dx': 0.125}"
2026-06-27 19:38:03,main,sweep,burgers,upwind,burgers_traveling_shock,pipeline_results\sweeps\burgers_lax_f_upwind_burgers_traveling_shock_sweep_20260627_193758\burgers_rk4_upwind_burgers_traveling_shock_N2000_20260627_193758,"{'N': 2000, 'dt': 0.0025, 'dx': 0.125}"
2026-06-27 19:40:50,main,sweep,burgers,upwind,burgers_traveling_smooth,pipeline_results\sweeps\burgers_lax_f_upwind_burgers_traveling_smooth_sweep_20260627_194047\burgers_lax_f_upwind_burgers_traveling_smooth_N250_20260627_194047,"{'N': 250, 'dt': 0.02, 'dx': 1.0}"
2026-06-27 19:40:50,main,sweep,burgers,upwind,burgers_traveling_smooth,pipeline_results\sweeps\burgers_lax_f_upwind_burgers_traveling_smooth_sweep_20260627_194047\burgers_lax_w_upwind_burgers_traveling_smooth_N250_20260627_194047,"{'N': 250, 'dt': 0.02, 'dx': 1.0}"
2026-06-27 19:40:50,main,sweep,burgers,upwind,burgers_traveling_smooth,pipeline_results\sweeps\burgers_lax_f_upwind_burgers_traveling_smooth_sweep_20260627_194047\burgers_rk4_upwind_burgers_traveling_smooth_N250_20260627_194047,"{'N': 250, 'dt': 0.02, 'dx': 1.0}"
2026-06-27 19:40:50,main,sweep,burgers,upwind,burgers_traveling_smooth,pipeline_results\sweeps\burgers_lax_f_upwind_burgers_traveling_smooth_sweep_20260627_194047\burgers_lax_f_upwind_burgers_traveling_smooth_N500_20260627_194047,"{'N': 500, 'dt': 0.01, 'dx': 0.5}"
2026-06-27 19:40:50,main,sweep,burgers,upwind,burgers_traveling_smooth,pipeline_results\sweeps\burgers_lax_f_upwind_burgers_traveling_smooth_sweep_20260627_194047\burgers_lax_w_upwind_burgers_traveling_smooth_N500_20260627_194047,"{'N': 500, 'dt': 0.01, 'dx': 0.5}"
2026-06-27 19:40:50,main,sweep,burgers,upwind,burgers_traveling_smooth,pipeline_results\sweeps\burgers_lax_f_upwind_burgers_traveling_smooth_sweep_20260627_194047\burgers_rk4_upwind_burgers_traveling_smooth_N500_20260627_194047,"{'N': 500, 'dt': 0.01, 'dx': 0.5}"
2026-06-27 19:40:50,main,sweep,burgers,upwind,burgers_traveling_smooth,pipeline_results\sweeps\burgers_lax_f_upwind_burgers_traveling_smooth_sweep_20260627_194047\burgers_lax_f_upwind_burgers_traveling_smooth_N1000_20260627_194047,"{'N': 1000, 'dt': 0.005, 'dx': 0.25}"
2026-06-27 19:40:50,main,sweep,burgers,upwind,burgers_traveling_smooth,pipeline_results\sweeps\burgers_lax_f_upwind_burgers_traveling_smooth_sweep_20260627_194047\burgers_lax_w_upwind_burgers_traveling_smooth_N1000_20260627_194047,"{'N': 1000, 'dt': 0.005, 'dx': 0.25}"
2026-06-27 19:40:50,main,sweep,burgers,upwind,burgers_traveling_smooth,pipeline_results\sweeps\burgers_lax_f_upwind_burgers_traveling_smooth_sweep_20260627_194047\burgers_lax_f_upwind_burgers_traveling_smooth_N2000_20260627_194047,"{'N': 2000, 'dt': 0.0025, 'dx': 0.125}"
2026-06-27 19:40:50,main,sweep,burgers,upwind,burgers_traveling_smooth,pipeline_results\sweeps\burgers_lax_f_upwind_burgers_traveling_smooth_sweep_20260627_194047\burgers_rk4_upwind_burgers_traveling_smooth_N1000_20260627_194047,"{'N': 1000, 'dt': 0.005, 'dx': 0.25}"
2026-06-27 19:40:51,main,sweep,burgers,upwind,burgers_traveling_smooth,pipeline_results\sweeps\burgers_lax_f_upwind_burgers_traveling_smooth_sweep_20260627_194047\burgers_lax_w_upwind_burgers_traveling_smooth_N2000_20260627_194047,"{'N': 2000, 'dt': 0.0025, 'dx': 0.125}"
2026-06-27 19:40:51,main,sweep,burgers,upwind,burgers_traveling_smooth,pipeline_results\sweeps\burgers_lax_f_upwind_burgers_traveling_smooth_sweep_20260627_194047\burgers_rk4_upwind_burgers_traveling_smooth_N2000_20260627_194047,"{'N': 2000, 'dt': 0.0025, 'dx': 0.125}"
2026-06-27 20:28:57,main,sweep,diffusion,laplacian,diff_gauss,pipeline_results\sweeps\diffusion_rk4_laplacian_diff_gauss_sweep_20260627_202851\diffusion_euler_laplacian_diff_gauss_N5000_20260627_202851,"{'N': 5000, 'dt': 0.001, 'dx': 0.05}"
2026-06-27 20:29:01,main,sweep,diffusion,laplacian,diff_gauss,pipeline_results\sweeps\diffusion_rk4_laplacian_diff_gauss_sweep_20260627_202851\diffusion_rk4_laplacian_diff_gauss_N5000_20260627_202851,"{'N': 5000, 'dt': 0.001, 'dx': 0.05}"
2026-06-27 20:32:24,main,sweep,diffusion,laplacian,diff_gauss,pipeline_results\sweeps\diffusion_rk4_laplacian_diff_gauss_sweep_20260627_203216\diffusion_euler_laplacian_diff_gauss_N5000_20260627_203216,"{'N': 5000, 'dt': 0.001, 'dx': 0.05}"
2026-06-27 20:32:30,main,sweep,diffusion,laplacian,diff_gauss,pipeline_results\sweeps\diffusion_rk4_laplacian_diff_gauss_sweep_20260627_203216\diffusion_rk4_laplacian_diff_gauss_N5000_20260627_203216,"{'N': 5000, 'dt': 0.001, 'dx': 0.05}"
2026-06-27 20:39:01,main,single,diffusion,laplacian,diff_gauss_2d,pipeline_results\runs\diffusion_euler_laplacian_diff_gauss_2d_N50_50_20260627_203900,"{'N': (50, 50), 'dt': 0.001, 'dx': (0.2, 0.2)}"
2026-06-27 15:12:43,main,single,diffusion,laplacian,diff_gauss_2d,pipeline_results/runs/diffusion_euler_laplacian_diff_gauss_2d_N50_50_20260627_204243,"{'N': (50, 50), 'dt': 0.001, 'dx': (0.2, 0.2)}"
2026-06-27 21:27:19,main,sweep,wave,laplacian,wave_gauss,pipeline_results\sweeps\wave_rk4_laplacian_wave_gauss_sweep_20260627_212527\wave_euler_laplacian_wave_gauss_N4000_20260627_212527,"{'N': 4000, 'dt': 0.025, 'dx': 0.025}"
2026-06-27 21:27:45,main,sweep,wave,laplacian,wave_gauss,pipeline_results\sweeps\wave_rk4_laplacian_wave_gauss_sweep_20260627_212527\wave_rk4_laplacian_wave_gauss_N4000_20260627_212527,"{'N': 4000, 'dt': 0.025, 'dx': 0.025}"
2026-06-27 15:59:00,main,single,wave,laplacian,wave_gauss,pipeline_results/runs/wave_leapfrog_laplacian_wave_gauss_N4000_20260627_212846,"{'N': 4000, 'dt': 0.025, 'dx': 0.025}"
2026-06-27 16:00:07,main,single,wave,laplacian,wave_gauss,pipeline_results/runs/wave_leapfrog_laplacian_wave_gauss_N4000_20260627_213005,"{'N': 4000, 'dt': 0.025, 'dx': 0.025}"
2026-06-27 16:00:40,main,single,wave,laplacian,wave_gauss,pipeline_results/runs/wave_leapfrog_laplacian_wave_gauss_N4000_20260627_213034,"{'N': 4000, 'dt': 0.025, 'dx': 0.025}"
2026-06-27 16:01:30,main,single,diffusion,laplacian,diff_gauss_2d,"pipeline_results/runs/diffusion_rk4_laplacian_diff_gauss_2d_N(50, 50)_20260627_213108","{'N': (50, 50), 'dt': 0.001, 'dx': (0.2, 0.2)}"
2026-06-27 16:01:54,main,single,diffusion,laplacian,diff_gauss_2d,"pipeline_results/runs/diffusion_rk4_laplacian_diff_gauss_2d_N(50, 50)_20260627_213150","{'N': (50, 50), 'dt': 0.001, 'dx': (0.2, 0.2)}"
2026-06-27 16:02:10,main,single,wave,laplacian,wave_gauss,pipeline_results/runs/wave_leapfrog_laplacian_wave_gauss_N4000_20260627_213206,"{'N': 4000, 'dt': 0.025, 'dx': 0.025}"
2026-06-27 16:04:30,main,single,wave,laplacian,wave_gauss_2d,"pipeline_results/runs/wave_leapfrog_laplacian_wave_gauss_2d_N(50, 50)_20260627_213405","{'N': (50, 50), 'dt': 0.002, 'dx': (0.2, 0.2)}"
2026-06-27 16:05:29,main,single,wave,laplacian,wave_gauss_2d,"pipeline_results/runs/wave_leapfrog_laplacian_wave_gauss_2d_N(50, 50)_20260627_213522","{'N': (50, 50), 'dt': 0.002, 'dx': (0.2, 0.2)}"
2026-06-27 16:05:57,main,single,wave,laplacian,wave_gauss_2d,"pipeline_results/runs/wave_leapfrog_laplacian_wave_gauss_2d_N(50, 50)_20260627_213540","{'N': (50, 50), 'dt': 0.005, 'dx': (0.2, 0.2)}"
2026-06-27 16:06:25,main,single,wave,laplacian,wave_gauss_2d,"pipeline_results/runs/wave_leapfrog_laplacian_wave_gauss_2d_N(50, 50)_20260627_213622","{'N': (50, 50), 'dt': 0.005, 'dx': (0.2, 0.2)}"
2026-06-27 16:08:04,main,single,advection,upwind,advec_gauss_2d,"pipeline_results/runs/advection_rk4_upwind_advec_gauss_2d_N(50, 50)_20260627_213716","{'N': (50, 50), 'dt': 0.002, 'dx': (0.2, 0.2)}"
2026-06-27 16:08:29,main,single,wave,laplacian,wave_gauss,pipeline_results/runs/wave_leapfrog_laplacian_wave_gauss_N4000_20260627_213814,"{'N': 4000, 'dt': 0.025, 'dx': 0.025}"
2026-06-27 16:10:33,main,single,wave,laplacian,wave_gauss,pipeline_results/runs/wave_leapfrog_laplacian_wave_gauss_N4000_20260627_214023,"{'N': 4000, 'dt': 0.025, 'dx': 0.025}"
2026-06-27 16:13:21,main,single,wave,laplacian,wave_gauss_2d,"pipeline_results/runs/wave_leapfrog_laplacian_wave_gauss_2d_N(100, 100)_20260627_214039","{'N': (100, 100), 'dt': 0.002, 'dx': (0.2, 0.2)}"
2026-06-27 16:16:22,main,single,wave,laplacian,wave_gauss_2d,"pipeline_results/runs/wave_leapfrog_laplacian_wave_gauss_2d_N(100, 100)_20260627_214506","{'N': (100, 100), 'dt': 0.002, 'dx': (0.2, 0.2)}"
2026-06-27 16:18:01,main,single,wave,laplacian,wave_gauss_2d,"pipeline_results/runs/wave_leapfrog_laplacian_wave_gauss_2d_N(100, 100)_20260627_214630","{'N': (100, 100), 'dt': 0.002, 'dx': (0.2, 0.2)}"
2026-06-27 16:19:36,main,single,wave,laplacian,wave_gauss_2d,"pipeline_results/runs/wave_leapfrog_laplacian_wave_gauss_2d_N(100, 100)_20260627_214929","{'N': (100, 100), 'dt': 0.002, 'dx': (0.2, 0.2)}"
2026-06-27 16:21:49,main,single,wave,laplacian,wave_gauss_2d,"pipeline_results/runs/wave_leapfrog_laplacian_wave_gauss_2d_N(100, 100)_20260627_215012","{'N': (100, 100), 'dt': 0.002, 'dx': (0.2, 0.2)}"
2026-06-27 16:23:15,main,single,advection,upwind,advec_gauss_2d,"pipeline_results/runs/advection_rk4_upwind_advec_gauss_2d_N(100, 100)_20260627_215153","{'N': (100, 100), 'dt': 0.002, 'dx': (0.2, 0.2)}"
2026-06-27 16:23:32,main,single,diffusion,laplacian,diff_gauss_2d,"pipeline_results/runs/diffusion_rk4_laplacian_diff_gauss_2d_N(100, 100)_20260627_215325","{'N': (100, 100), 'dt': 0.001, 'dx': (0.2, 0.2)}"
2026-06-27 16:25:37,main,single,advection,upwind,advec_gauss_2d,"pipeline_results/runs/advection_rk4_upwind_advec_gauss_2d_N(100, 100)_20260627_215527","{'N': (100, 100), 'dt': 0.002, 'dx': (0.2, 0.2)}"
2026-06-27 16:26:59,main,single,advection,upwind,advec_gauss_2d,"pipeline_results/runs/advection_rk4_upwind_advec_gauss_2d_N(100, 100)_20260627_215551","{'N': (100, 100), 'dt': 0.002, 'dx': (0.2, 0.2)}"
2026-06-27 16:27:32,main,single,diffusion,laplacian,diff_gauss_2d,"pipeline_results/runs/diffusion_rk4_laplacian_diff_gauss_2d_N(100, 100)_20260627_215718","{'N': (100, 100), 'dt': 0.002, 'dx': (0.2, 0.2)}"
2026-06-27 16:28:09,main,single,wave,laplacian,wave_gauss_2d,"pipeline_results/runs/wave_leapfrog_laplacian_wave_gauss_2d_N(100, 100)_20260627_215745","{'N': (100, 100), 'dt': 0.002, 'dx': (0.2, 0.2)}"
2026-06-27 16:28:29,main,single,advection,upwind,advec_gauss_2d,"pipeline_results/runs/advection_rk4_upwind_advec_gauss_2d_N(100, 100)_20260627_215824","{'N': (100, 100), 'dt': 0.002, 'dx': (0.2, 0.2)}"
2026-06-27 16:29:18,main,single,advection,upwind,advec_gauss_2d,"pipeline_results/runs/advection_rk4_upwind_advec_gauss_2d_N(100, 100)_20260627_215838","{'N': (100, 100), 'dt': 0.002, 'dx': (0.2, 0.2)}"
2026-06-27 16:29:34,main,single,advection,upwind,advec_gauss_2d,"pipeline_results/runs/advection_rk4_upwind_advec_gauss_2d_N(100, 100)_20260627_215923","{'N': (100, 100), 'dt': 0.002, 'dx': (0.2, 0.2)}"
2026-06-27 16:30:57,main,single,advection,upwind,advec_gauss_2d,"pipeline_results/runs/advection_rk4_upwind_advec_gauss_2d_N(100, 100)_20260627_220049","{'N': (100, 100), 'dt': 0.002, 'dx': (0.2, 0.2)}"
2026-06-27 16:31:08,main,single,advection,upwind,advec_gauss_2d,"pipeline_results/runs/advection_rk4_upwind_advec_gauss_2d_N(100, 100)_20260627_220102","{'N': (100, 100), 'dt': 0.002, 'dx': (0.2, 0.2)}"
2026-06-27 16:32:18,main,single,advection,upwind,advec_gauss_2d,"pipeline_results/runs/advection_rk4_upwind_advec_gauss_2d_N(60, 60)_20260627_220209","{'N': (60, 60), 'dt': 0.02, 'dx': (0.3, 0.3)}"
2026-06-27 16:32:32,main,single,advection,upwind,advec_gauss_2d,"pipeline_results/runs/advection_rk4_upwind_advec_gauss_2d_N(60, 60)_20260627_220225","{'N': (60, 60), 'dt': 0.02, 'dx': (0.3, 0.3)}"
2026-06-27 16:32:57,main,single,advection,upwind,advec_gauss_2d,"pipeline_results/runs/advection_rk4_upwind_advec_gauss_2d_N(60, 60)_20260627_220238","{'N': (60, 60), 'dt': 0.02, 'dx': (0.3, 0.3)}"
2026-06-27 16:33:39,main,single,advection,upwind,advec_gauss_2d,"pipeline_results/runs/advection_rk4_upwind_advec_gauss_2d_N(50, 50)_20260627_220330","{'N': (50, 50), 'dt': 0.02, 'dx': (0.5, 0.5)}"
2026-06-27 16:33:47,main,single,advection,upwind,advec_gauss_2d,"pipeline_results/runs/advection_rk4_upwind_advec_gauss_2d_N(50, 50)_20260627_220343","{'N': (50, 50), 'dt': 0.02, 'dx': (0.5, 0.5)}"
2026-06-27 16:34:43,main,single,wave,laplacian,wave_gauss_2d,"pipeline_results/runs/wave_leapfrog_laplacian_wave_gauss_2d_N(60, 60)_20260627_220434","{'N': (60, 60), 'dt': 0.02, 'dx': (0.3, 0.3)}"
2026-06-27 16:36:08,main,single,diffusion,laplacian,diff_gauss_2d,"pipeline_results/runs/diffusion_rk4_laplacian_diff_gauss_2d_N(60, 60)_20260627_220553","{'N': (60, 60), 'dt': 0.01, 'dx': (0.3, 0.3)}"
2026-06-27 16:36:42,main,single,wave,laplacian,wave_gauss_2d,"pipeline_results/runs/wave_leapfrog_laplacian_wave_gauss_2d_N(60, 60)_20260627_220612","{'N': (60, 60), 'dt': 0.02, 'dx': (0.3, 0.3)}"
2026-06-27 16:36:53,main,single,advection,upwind,advec_gauss_2d,"pipeline_results/runs/advection_rk4_upwind_advec_gauss_2d_N(60, 60)_20260627_220646","{'N': (60, 60), 'dt': 0.02, 'dx': (0.3, 0.3)}"
2026-06-27 16:39:54,main,single,advection,upwind,advec_gauss_2d,"pipeline_results/runs/advection_rk4_upwind_advec_gauss_2d_N(60, 60)_20260627_220847","{'N': (60, 60), 'dt': 0.02, 'dx': (0.3, 0.3)}"
2026-06-27 16:44:28,main,single,advection,upwind,advec_gauss_2d,"pipeline_results/runs/advection_lax_w_upwind_advec_gauss_2d_N(60, 60)_20260627_221311","{'N': (60, 60), 'dt': 0.02, 'dx': (0.3, 0.3)}"
2026-06-27 16:45:22,main,single,diffusion,laplacian,diff_gauss_2d,"pipeline_results/runs/diffusion_rk4_laplacian_diff_gauss_2d_N(60, 60)_20260627_221505","{'N': (60, 60), 'dt': 0.01, 'dx': (0.3, 0.3)}"
2026-06-27 16:45:56,main,single,diffusion,laplacian,diff_gauss_2d,"pipeline_results/runs/diffusion_rk4_laplacian_diff_gauss_2d_N(60, 60)_20260627_221526","{'N': (60, 60), 'dt': 0.01, 'dx': (0.3, 0.3)}"
2026-06-27 16:46:46,main,single,wave,laplacian,wave_gauss_2d,"pipeline_results/runs/wave_leapfrog_laplacian_wave_gauss_2d_N(60, 60)_20260627_221608","{'N': (60, 60), 'dt': 0.02, 'dx': (0.3, 0.3)}"
2026-06-27 16:47:35,main,single,wave,laplacian,wave_gauss_2d,"pipeline_results/runs/wave_leapfrog_laplacian_wave_gauss_2d_N(60, 60)_20260627_221658","{'N': (60, 60), 'dt': 0.02, 'dx': (0.3, 0.3)}"
2026-06-27 16:48:29,main,single,wave,laplacian,wave_gauss_2d,"pipeline_results/runs/wave_leapfrog_laplacian_wave_gauss_2d_N(60, 60)_20260627_221741","{'N': (60, 60), 'dt': 0.02, 'dx': (0.3, 0.3)}"
2026-06-27 16:50:37,main,single,advection,upwind,advec_gauss_2d,"pipeline_results/runs/advection_lax_w_upwind_advec_gauss_2d_N(60, 60)_20260627_221920","{'N': (60, 60), 'dt': 0.02, 'dx': (0.3, 0.3)}"
2026-06-27 16:51:19,main,single,diffusion,laplacian,diff_gauss_2d,"pipeline_results/runs/diffusion_rk4_laplacian_diff_gauss_2d_N(60, 60)_20260627_222048","{'N': (60, 60), 'dt': 0.01, 'dx': (0.3, 0.3)}"
2026-06-27 16:52:29,main,single,wave,laplacian,wave_gauss_2d,"pipeline_results/runs/wave_leapfrog_laplacian_wave_gauss_2d_N(60, 60)_20260627_222125","{'N': (60, 60), 'dt': 0.02, 'dx': (0.3, 0.3)}"
2026-06-27 17:03:12,main,single,wave,laplacian,wave_gauss_2d,"pipeline_results/runs/wave_leapfrog_laplacian_wave_gauss_2d_N(60, 60)_20260627_223217","{'N': (60, 60), 'dt': 0.02, 'dx': (0.3, 0.3)}"
2026-06-27 17:04:22,main,single,wave,laplacian,wave_gauss_2d,"pipeline_results/runs/wave_leapfrog_laplacian_wave_gauss_2d_N(60, 60)_20260627_223327","{'N': (60, 60), 'dt': 0.02, 'dx': (0.3, 0.3)}"
